source,index,fitness,feasible
policy_t1.0,0,47.759610,1
policy_t1.0,1,47.759610,1
policy_t1.0,2,47.759610,1
policy_t1.0,3,47.759610,1
policy_t1.0,4,47.759610,1
policy_t1.0,5,47.759610,1
policy_t1.0,6,47.759610,1
policy_t1.0,7,47.759610,1
policy_t1.0,8,47.759610,1
policy_t1.0,9,47.759610,1
policy_t1.0,10,47.759610,1
policy_t1.0,11,47.759610,1
policy_t1.0,12,47.759610,1
policy_t1.0,13,47.759610,1
policy_t1.0,14,47.759610,1
policy_t1.0,15,47.759610,1
policy_t1.0,16,47.759610,1
policy_t1.0,17,47.759610,1
policy_t1.0,18,47.759610,1
policy_t1.0,19,47.759610,1
policy_t1.0,20,47.759610,1
policy_t1.0,21,47.759610,1
policy_t1.0,22,47.759610,1
policy_t1.0,23,47.759610,1
policy_t1.0,24,47.759610,1
policy_t1.0,25,47.759610,1
policy_t1.0,26,47.759610,1
policy_t1.0,27,47.759610,1
policy_t1.0,28,47.759610,1
policy_t1.0,29,47.759610,1
policy_t1.0,30,47.759610,1
policy_t1.0,31,47.759610,1
policy_t1.0,32,47.759610,1
policy_t1.0,33,47.759610,1
policy_t1.0,34,47.759610,1
policy_t1.0,35,47.759610,1
policy_t1.0,36,47.759610,1
policy_t1.0,37,47.759610,1
policy_t1.0,38,47.759610,1
policy_t1.0,39,47.759610,1
policy_t1.0,40,47.759610,1
policy_t1.0,41,47.759610,1
policy_t1.0,42,47.759610,1
policy_t1.0,43,47.759610,1
policy_t1.0,44,47.759610,1
policy_t1.0,45,47.759610,1
policy_t1.0,46,47.759610,1
policy_t1.0,47,47.759610,1
policy_t1.0,48,47.759610,1
policy_t1.0,49,47.759610,1
policy_t1.0,50,47.759610,1
policy_t1.0,51,47.759610,1
policy_t1.0,52,47.759610,1
policy_t1.0,53,47.759610,1
policy_t1.0,54,47.759610,1
policy_t1.0,55,47.759610,1
policy_t1.0,56,47.759610,1
policy_t1.0,57,47.759610,1
policy_t1.0,58,47.759610,1
policy_t1.0,59,47.759610,1
policy_t1.0,60,47.759610,1
policy_t1.0,61,47.759610,1
policy_t1.0,62,47.759610,1
policy_t1.0,63,47.759610,1
policy_t1.0,64,47.759610,1
policy_t1.0,65,47.759610,1
policy_t1.0,66,47.759610,1
policy_t1.0,67,47.759610,1
policy_t1.0,68,47.759610,1
policy_t1.0,69,47.759610,1
policy_t1.0,70,47.759610,1
policy_t1.0,71,47.759610,1
policy_t1.0,72,47.759610,1
policy_t1.0,73,47.759610,1
policy_t1.0,74,47.759610,1
policy_t1.0,75,47.759610,1
policy_t1.0,76,47.759610,1
policy_t1.0,77,47.759610,1
policy_t1.0,78,47.759610,1
policy_t1.0,79,47.759610,1
policy_t1.0,80,47.759610,1
policy_t1.0,81,47.759610,1
policy_t1.0,82,47.759610,1
policy_t1.0,83,47.759610,1
policy_t1.0,84,47.759610,1
policy_t1.0,85,47.759610,1
policy_t1.0,86,47.759610,1
policy_t1.0,87,47.759610,1
policy_t1.0,88,47.759610,1
policy_t1.0,89,47.759610,1
policy_t1.0,90,47.759610,1
policy_t1.0,91,47.759610,1
policy_t1.0,92,47.759610,1
policy_t1.0,93,47.759610,1
policy_t1.0,94,47.759610,1
policy_t1.0,95,47.759610,1
policy_t1.0,96,47.759610,1
policy_t1.0,97,47.759610,1
policy_t1.0,98,47.759610,1
policy_t1.0,99,47.759610,1
policy_t1.0,100,47.759610,1
policy_t1.0,101,47.759610,1
policy_t1.0,102,47.759610,1
policy_t1.0,103,47.759610,1
policy_t1.0,104,47.759610,1
policy_t1.0,105,47.759610,1
policy_t1.0,106,47.759610,1
policy_t1.0,107,47.759610,1
policy_t1.0,108,47.759610,1
policy_t1.0,109,47.759610,1
policy_t1.0,110,47.759610,1
policy_t1.0,111,47.759610,1
policy_t1.0,112,47.759610,1
policy_t1.0,113,47.759610,1
policy_t1.0,114,47.759610,1
policy_t1.0,115,47.759610,1
policy_t1.0,116,47.759610,1
policy_t1.0,117,47.759610,1
policy_t1.0,118,47.759610,1
policy_t1.0,119,47.759610,1
policy_t1.0,120,47.759610,1
policy_t1.0,121,47.759610,1
policy_t1.0,122,47.759610,1
policy_t1.0,123,47.759610,1
policy_t1.0,124,47.759610,1
policy_t1.0,125,47.759610,1
policy_t1.0,126,47.759610,1
policy_t1.0,127,47.759610,1
policy_t1.0,128,47.759610,1
policy_t1.0,129,47.759610,1
policy_t1.0,130,47.759610,1
policy_t1.0,131,47.759610,1
policy_t1.0,132,47.759610,1
policy_t1.0,133,47.759610,1
policy_t1.0,134,47.759610,1
policy_t1.0,135,47.759610,1
policy_t1.0,136,47.759610,1
policy_t1.0,137,47.759610,1
policy_t1.0,138,47.759610,1
policy_t1.0,139,47.759610,1
policy_t1.0,140,47.759610,1
policy_t1.0,141,47.759610,1
policy_t1.0,142,47.759610,1
policy_t1.0,143,47.759610,1
policy_t1.0,144,47.759610,1
policy_t1.0,145,47.759610,1
policy_t1.0,146,47.759610,1
policy_t1.0,147,47.759610,1
policy_t1.0,148,47.759610,1
policy_t1.0,149,47.759610,1
policy_t1.0,150,47.759610,1
policy_t1.0,151,47.759610,1
policy_t1.0,152,47.759610,1
policy_t1.0,153,47.759610,1
policy_t1.0,154,47.759610,1
policy_t1.0,155,47.759610,1
policy_t1.0,156,47.759610,1
policy_t1.0,157,47.759610,1
policy_t1.0,158,47.759610,1
policy_t1.0,159,47.759610,1
policy_t1.0,160,47.759610,1
policy_t1.0,161,47.759610,1
policy_t1.0,162,47.759610,1
policy_t1.0,163,47.759610,1
policy_t1.0,164,47.759610,1
policy_t1.0,165,47.759610,1
policy_t1.0,166,47.759610,1
policy_t1.0,167,47.759610,1
policy_t1.0,168,47.759610,1
policy_t1.0,169,47.759610,1
policy_t1.0,170,47.759610,1
policy_t1.0,171,47.759610,1
policy_t1.0,172,47.759610,1
policy_t1.0,173,47.759610,1
policy_t1.0,174,47.759610,1
policy_t1.0,175,47.759610,1
policy_t1.0,176,47.759610,1
policy_t1.0,177,47.759610,1
policy_t1.0,178,47.759610,1
policy_t1.0,179,47.759610,1
policy_t1.0,180,47.759610,1
policy_t1.0,181,47.759610,1
policy_t1.0,182,47.759610,1
policy_t1.0,183,47.759610,1
policy_t1.0,184,47.759610,1
policy_t1.0,185,47.759610,1
policy_t1.0,186,47.759610,1
policy_t1.0,187,47.759610,1
policy_t1.0,188,47.759610,1
policy_t1.0,189,47.759610,1
policy_t1.0,190,47.759610,1
policy_t1.0,191,47.759610,1
policy_t1.0,192,47.759610,1
policy_t1.0,193,47.759610,1
policy_t1.0,194,47.759610,1
policy_t1.0,195,47.759610,1
policy_t1.0,196,47.759610,1
policy_t1.0,197,47.759610,1
policy_t1.0,198,47.759610,1
policy_t1.0,199,47.759610,1
policy_t1.0,200,47.759610,1
policy_t1.0,201,47.759610,1
policy_t1.0,202,47.759610,1
policy_t1.0,203,47.759610,1
policy_t1.0,204,47.759610,1
policy_t1.0,205,47.759610,1
policy_t1.0,206,47.759610,1
policy_t1.0,207,47.759610,1
policy_t1.0,208,47.759610,1
policy_t1.0,209,47.759610,1
policy_t1.0,210,47.759610,1
policy_t1.0,211,47.759610,1
policy_t1.0,212,47.759610,1
policy_t1.0,213,47.759610,1
policy_t1.0,214,47.759610,1
policy_t1.0,215,47.759610,1
policy_t1.0,216,47.759610,1
policy_t1.0,217,47.759610,1
policy_t1.0,218,47.759610,1
policy_t1.0,219,47.759610,1
policy_t1.0,220,47.759610,1
policy_t1.0,221,47.759610,1
policy_t1.0,222,47.759610,1
policy_t1.0,223,47.759610,1
policy_t1.0,224,47.759610,1
policy_t1.0,225,47.759610,1
policy_t1.0,226,47.759610,1
policy_t1.0,227,47.759610,1
policy_t1.0,228,47.759610,1
policy_t1.0,229,47.759610,1
policy_t1.0,230,47.759610,1
policy_t1.0,231,47.759610,1
policy_t1.0,232,47.759610,1
policy_t1.0,233,47.759610,1
policy_t1.0,234,47.759610,1
policy_t1.0,235,47.759610,1
policy_t1.0,236,47.759610,1
policy_t1.0,237,47.759610,1
policy_t1.0,238,47.759610,1
policy_t1.0,239,47.759610,1
policy_t1.0,240,47.759610,1
policy_t1.0,241,47.759610,1
policy_t1.0,242,47.759610,1
policy_t1.0,243,47.759610,1
policy_t1.0,244,47.759610,1
policy_t1.0,245,47.759610,1
policy_t1.0,246,47.759610,1
policy_t1.0,247,47.759610,1
policy_t1.0,248,47.759610,1
policy_t1.0,249,47.759610,1
policy_t1.0,250,47.759610,1
policy_t1.0,251,47.759610,1
policy_t1.0,252,47.759610,1
policy_t1.0,253,47.759610,1
policy_t1.0,254,47.759610,1
policy_t1.0,255,47.759610,1
policy_t1.0,256,47.759610,1
policy_t1.0,257,47.759610,1
policy_t1.0,258,47.759610,1
policy_t1.0,259,47.759610,1
policy_t1.0,260,47.759610,1
policy_t1.0,261,47.759610,1
policy_t1.0,262,47.759610,1
policy_t1.0,263,47.759610,1
policy_t1.0,264,47.759610,1
policy_t1.0,265,47.759610,1
policy_t1.0,266,47.759610,1
policy_t1.0,267,47.759610,1
policy_t1.0,268,47.759610,1
policy_t1.0,269,47.759610,1
policy_t1.0,270,47.759610,1
policy_t1.0,271,47.759610,1
policy_t1.0,272,47.759610,1
policy_t1.0,273,47.759610,1
policy_t1.0,274,47.759610,1
policy_t1.0,275,47.759610,1
policy_t1.0,276,47.759610,1
policy_t1.0,277,47.759610,1
policy_t1.0,278,47.759610,1
policy_t1.0,279,47.759610,1
policy_t1.0,280,47.759610,1
policy_t1.0,281,47.759610,1
policy_t1.0,282,47.759610,1
policy_t1.0,283,47.759610,1
policy_t1.0,284,47.759610,1
policy_t1.0,285,47.759610,1
policy_t1.0,286,47.759610,1
policy_t1.0,287,47.759610,1
policy_t1.0,288,47.759610,1
policy_t1.0,289,47.759610,1
policy_t1.0,290,47.759610,1
policy_t1.0,291,47.759610,1
policy_t1.0,292,47.759610,1
policy_t1.0,293,47.759610,1
policy_t1.0,294,47.759610,1
policy_t1.0,295,47.759610,1
policy_t1.0,296,47.759610,1
policy_t1.0,297,47.759610,1
policy_t1.0,298,47.759610,1
policy_t1.0,299,47.759610,1
policy_t1.0,300,47.759610,1
policy_t1.0,301,47.759610,1
policy_t1.0,302,47.759610,1
policy_t1.0,303,47.759610,1
policy_t1.0,304,47.759610,1
policy_t1.0,305,47.759610,1
policy_t1.0,306,47.759610,1
policy_t1.0,307,47.759610,1
policy_t1.0,308,47.759610,1
policy_t1.0,309,47.759610,1
policy_t1.0,310,47.759610,1
policy_t1.0,311,47.759610,1
policy_t1.0,312,47.759610,1
policy_t1.0,313,47.759610,1
policy_t1.0,314,47.759610,1
policy_t1.0,315,47.759610,1
policy_t1.0,316,47.759610,1
policy_t1.0,317,47.759610,1
policy_t1.0,318,47.759610,1
policy_t1.0,319,47.759610,1
policy_t1.0,320,47.759610,1
policy_t1.0,321,47.759610,1
policy_t1.0,322,47.759610,1
policy_t1.0,323,47.759610,1
policy_t1.0,324,47.759610,1
policy_t1.0,325,47.759610,1
policy_t1.0,326,47.759610,1
policy_t1.0,327,47.759610,1
policy_t1.0,328,47.759610,1
policy_t1.0,329,47.759610,1
policy_t1.0,330,47.759610,1
policy_t1.0,331,47.759610,1
policy_t1.0,332,47.759610,1
policy_t1.0,333,47.759610,1
policy_t1.0,334,47.759610,1
policy_t1.0,335,47.759610,1
policy_t1.0,336,47.759610,1
policy_t1.0,337,47.759610,1
policy_t1.0,338,47.759610,1
policy_t1.0,339,47.759610,1
policy_t1.0,340,47.759610,1
policy_t1.0,341,47.759610,1
policy_t1.0,342,47.759610,1
policy_t1.0,343,47.759610,1
policy_t1.0,344,47.759610,1
policy_t1.0,345,47.759610,1
policy_t1.0,346,47.759610,1
policy_t1.0,347,47.759610,1
policy_t1.0,348,47.759610,1
policy_t1.0,349,47.759610,1
policy_t1.0,350,47.759610,1
policy_t1.0,351,47.759610,1
policy_t1.0,352,47.759610,1
policy_t1.0,353,47.759610,1
policy_t1.0,354,47.759610,1
policy_t1.0,355,47.759610,1
policy_t1.0,356,47.759610,1
policy_t1.0,357,47.759610,1
policy_t1.0,358,47.759610,1
policy_t1.0,359,47.759610,1
policy_t1.0,360,47.759610,1
policy_t1.0,361,47.759610,1
policy_t1.0,362,47.759610,1
policy_t1.0,363,47.759610,1
policy_t1.0,364,47.759610,1
policy_t1.0,365,47.759610,1
policy_t1.0,366,47.759610,1
policy_t1.0,367,47.759610,1
policy_t1.0,368,47.759610,1
policy_t1.0,369,47.759610,1
policy_t1.0,370,47.759610,1
policy_t1.0,371,47.759610,1
policy_t1.0,372,47.759610,1
policy_t1.0,373,47.759610,1
policy_t1.0,374,47.759610,1
policy_t1.0,375,47.759610,1
policy_t1.0,376,47.759610,1
policy_t1.0,377,47.759610,1
policy_t1.0,378,47.759610,1
policy_t1.0,379,47.759610,1
policy_t1.0,380,47.759610,1
policy_t1.0,381,47.759610,1
policy_t1.0,382,47.759610,1
policy_t1.0,383,47.759610,1
policy_t1.0,384,47.759610,1
policy_t1.0,385,47.759610,1
policy_t1.0,386,47.759610,1
policy_t1.0,387,47.759610,1
policy_t1.0,388,47.759610,1
policy_t1.0,389,47.759610,1
policy_t1.0,390,47.759610,1
policy_t1.0,391,47.759610,1
policy_t1.0,392,47.759610,1
policy_t1.0,393,47.759610,1
policy_t1.0,394,47.759610,1
policy_t1.0,395,47.759610,1
policy_t1.0,396,47.759610,1
policy_t1.0,397,47.759610,1
policy_t1.0,398,47.759610,1
policy_t1.0,399,47.759610,1
policy_t1.0,400,47.759610,1
policy_t1.0,401,47.759610,1
policy_t1.0,402,47.759610,1
policy_t1.0,403,47.759610,1
policy_t1.0,404,47.759610,1
policy_t1.0,405,47.759610,1
policy_t1.0,406,47.759610,1
policy_t1.0,407,47.759610,1
policy_t1.0,408,47.759610,1
policy_t1.0,409,47.759610,1
policy_t1.0,410,47.759610,1
policy_t1.0,411,47.759610,1
policy_t1.0,412,47.759610,1
policy_t1.0,413,47.759610,1
policy_t1.0,414,47.759610,1
policy_t1.0,415,47.759610,1
policy_t1.0,416,47.759610,1
policy_t1.0,417,47.759610,1
policy_t1.0,418,47.759610,1
policy_t1.0,419,47.759610,1
policy_t1.0,420,47.759610,1
policy_t1.0,421,47.759610,1
policy_t1.0,422,47.759610,1
policy_t1.0,423,47.759610,1
policy_t1.0,424,47.759610,1
policy_t1.0,425,47.759610,1
policy_t1.0,426,47.759610,1
policy_t1.0,427,47.759610,1
policy_t1.0,428,47.759610,1
policy_t1.0,429,47.759610,1
policy_t1.0,430,47.759610,1
policy_t1.0,431,47.759610,1
policy_t1.0,432,47.759610,1
policy_t1.0,433,47.759610,1
policy_t1.0,434,47.759610,1
policy_t1.0,435,47.759610,1
policy_t1.0,436,47.759610,1
policy_t1.0,437,47.759610,1
policy_t1.0,438,47.759610,1
policy_t1.0,439,47.759610,1
policy_t1.0,440,47.759610,1
policy_t1.0,441,47.759610,1
policy_t1.0,442,47.759610,1
policy_t1.0,443,47.759610,1
policy_t1.0,444,47.759610,1
policy_t1.0,445,47.759610,1
policy_t1.0,446,47.759610,1
policy_t1.0,447,47.759610,1
policy_t1.0,448,47.759610,1
policy_t1.0,449,47.759610,1
policy_t1.0,450,47.759610,1
policy_t1.0,451,47.759610,1
policy_t1.0,452,47.759610,1
policy_t1.0,453,47.759610,1
policy_t1.0,454,47.759610,1
policy_t1.0,455,47.759610,1
policy_t1.0,456,47.759610,1
policy_t1.0,457,47.759610,1
policy_t1.0,458,47.759610,1
policy_t1.0,459,47.759610,1
policy_t1.0,460,47.759610,1
policy_t1.0,461,47.759610,1
policy_t1.0,462,47.759610,1
policy_t1.0,463,47.759610,1
policy_t1.0,464,47.759610,1
policy_t1.0,465,47.759610,1
policy_t1.0,466,47.759610,1
policy_t1.0,467,47.759610,1
policy_t1.0,468,47.759610,1
policy_t1.0,469,47.759610,1
policy_t1.0,470,47.759610,1
policy_t1.0,471,47.759610,1
policy_t1.0,472,47.759610,1
policy_t1.0,473,47.759610,1
policy_t1.0,474,47.759610,1
policy_t1.0,475,47.759610,1
policy_t1.0,476,47.759610,1
policy_t1.0,477,47.759610,1
policy_t1.0,478,47.759610,1
policy_t1.0,479,47.759610,1
policy_t1.0,480,47.759610,1
policy_t1.0,481,47.759610,1
policy_t1.0,482,47.759610,1
policy_t1.0,483,47.759610,1
policy_t1.0,484,47.759610,1
policy_t1.0,485,47.759610,1
policy_t1.0,486,47.759610,1
policy_t1.0,487,47.759610,1
policy_t1.0,488,47.759610,1
policy_t1.0,489,47.759610,1
policy_t1.0,490,47.759610,1
policy_t1.0,491,47.759610,1
policy_t1.0,492,47.759610,1
policy_t1.0,493,47.759610,1
policy_t1.0,494,47.759610,1
policy_t1.0,495,47.759610,1
policy_t1.0,496,47.759610,1
policy_t1.0,497,47.759610,1
policy_t1.0,498,47.759610,1
policy_t1.0,499,47.759610,1
policy_t1.0,500,47.759610,1
policy_t1.0,501,47.759610,1
policy_t1.0,502,47.759610,1
policy_t1.0,503,47.759610,1
policy_t1.0,504,47.759610,1
policy_t1.0,505,47.759610,1
policy_t1.0,506,47.759610,1
policy_t1.0,507,47.759610,1
policy_t1.0,508,47.759610,1
policy_t1.0,509,47.759610,1
policy_t1.0,510,47.759610,1
policy_t1.0,511,47.759610,1
policy_t1.0,512,47.759610,1
policy_t1.0,513,47.759610,1
policy_t1.0,514,47.759610,1
policy_t1.0,515,47.759610,1
policy_t1.0,516,47.759610,1
policy_t1.0,517,47.759610,1
policy_t1.0,518,47.759610,1
policy_t1.0,519,47.759610,1
policy_t1.0,520,47.759610,1
policy_t1.0,521,47.759610,1
policy_t1.0,522,47.759610,1
policy_t1.0,523,47.759610,1
policy_t1.0,524,47.759610,1
policy_t1.0,525,47.759610,1
policy_t1.0,526,47.759610,1
policy_t1.0,527,47.759610,1
policy_t1.0,528,47.759610,1
policy_t1.0,529,47.759610,1
policy_t1.0,530,47.759610,1
policy_t1.0,531,47.759610,1
policy_t1.0,532,47.759610,1
policy_t1.0,533,47.759610,1
policy_t1.0,534,47.759610,1
policy_t1.0,535,47.759610,1
policy_t1.0,536,47.759610,1
policy_t1.0,537,47.759610,1
policy_t1.0,538,47.759610,1
policy_t1.0,539,47.759610,1
policy_t1.0,540,47.759610,1
policy_t1.0,541,47.759610,1
policy_t1.0,542,47.759610,1
policy_t1.0,543,47.759610,1
policy_t1.0,544,47.759610,1
policy_t1.0,545,47.759610,1
policy_t1.0,546,47.759610,1
policy_t1.0,547,47.759610,1
policy_t1.0,548,47.759610,1
policy_t1.0,549,47.759610,1
policy_t1.0,550,47.759610,1
policy_t1.0,551,47.759610,1
policy_t1.0,552,47.759610,1
policy_t1.0,553,47.759610,1
policy_t1.0,554,47.759610,1
policy_t1.0,555,47.759610,1
policy_t1.0,556,47.759610,1
policy_t1.0,557,47.759610,1
policy_t1.0,558,47.759610,1
policy_t1.0,559,47.759610,1
policy_t1.0,560,47.759610,1
policy_t1.0,561,47.759610,1
policy_t1.0,562,47.759610,1
policy_t1.0,563,47.759610,1
policy_t1.0,564,47.759610,1
policy_t1.0,565,47.759610,1
policy_t1.0,566,47.759610,1
policy_t1.0,567,47.759610,1
policy_t1.0,568,47.759610,1
policy_t1.0,569,47.759610,1
policy_t1.0,570,47.759610,1
policy_t1.0,571,47.759610,1
policy_t1.0,572,47.759610,1
policy_t1.0,573,47.759610,1
policy_t1.0,574,47.759610,1
policy_t1.0,575,47.759610,1
policy_t1.0,576,47.759610,1
policy_t1.0,577,47.759610,1
policy_t1.0,578,47.759610,1
policy_t1.0,579,47.759610,1
policy_t1.0,580,47.759610,1
policy_t1.0,581,47.759610,1
policy_t1.0,582,47.759610,1
policy_t1.0,583,47.759610,1
policy_t1.0,584,47.759610,1
policy_t1.0,585,47.759610,1
policy_t1.0,586,47.759610,1
policy_t1.0,587,47.759610,1
policy_t1.0,588,47.759610,1
policy_t1.0,589,47.759610,1
policy_t1.0,590,47.759610,1
policy_t1.0,591,47.759610,1
policy_t1.0,592,47.759610,1
policy_t1.0,593,47.759610,1
policy_t1.0,594,47.759610,1
policy_t1.0,595,47.759610,1
policy_t1.0,596,47.759610,1
policy_t1.0,597,47.759610,1
policy_t1.0,598,47.759610,1
policy_t1.0,599,47.759610,1
policy_t1.0,600,47.759610,1
policy_t1.0,601,47.759610,1
policy_t1.0,602,47.759610,1
policy_t1.0,603,47.759610,1
policy_t1.0,604,47.759610,1
policy_t1.0,605,47.759610,1
policy_t1.0,606,47.759610,1
policy_t1.0,607,47.759610,1
policy_t1.0,608,47.759610,1
policy_t1.0,609,47.759610,1
policy_t1.0,610,47.759610,1
policy_t1.0,611,47.759610,1
policy_t1.0,612,47.759610,1
policy_t1.0,613,47.759610,1
policy_t1.0,614,47.759610,1
policy_t1.0,615,47.759610,1
policy_t1.0,616,47.759610,1
policy_t1.0,617,47.759610,1
policy_t1.0,618,47.759610,1
policy_t1.0,619,47.759610,1
policy_t1.0,620,47.759610,1
policy_t1.0,621,47.759610,1
policy_t1.0,622,47.759610,1
policy_t1.0,623,47.759610,1
policy_t1.0,624,47.759610,1
policy_t1.0,625,47.759610,1
policy_t1.0,626,47.759610,1
policy_t1.0,627,47.759610,1
policy_t1.0,628,47.759610,1
policy_t1.0,629,47.759610,1
policy_t1.0,630,47.759610,1
policy_t1.0,631,47.759610,1
policy_t1.0,632,47.759610,1
policy_t1.0,633,47.759610,1
policy_t1.0,634,47.759610,1
policy_t1.0,635,47.759610,1
policy_t1.0,636,47.759610,1
policy_t1.0,637,47.759610,1
policy_t1.0,638,47.759610,1
policy_t1.0,639,47.759610,1
policy_t1.0,640,47.759610,1
policy_t1.0,641,47.759610,1
policy_t1.0,642,47.759610,1
policy_t1.0,643,47.759610,1
policy_t1.0,644,47.759610,1
policy_t1.0,645,47.759610,1
policy_t1.0,646,47.759610,1
policy_t1.0,647,47.759610,1
policy_t1.0,648,47.759610,1
policy_t1.0,649,47.759610,1
policy_t1.0,650,47.759610,1
policy_t1.0,651,47.759610,1
policy_t1.0,652,47.759610,1
policy_t1.0,653,47.759610,1
policy_t1.0,654,47.759610,1
policy_t1.0,655,47.759610,1
policy_t1.0,656,47.759610,1
policy_t1.0,657,47.759610,1
policy_t1.0,658,47.759610,1
policy_t1.0,659,47.759610,1
policy_t1.0,660,47.759610,1
policy_t1.0,661,47.759610,1
policy_t1.0,662,47.759610,1
policy_t1.0,663,47.759610,1
policy_t1.0,664,47.759610,1
policy_t1.0,665,47.759610,1
policy_t1.0,666,47.759610,1
policy_t1.0,667,47.759610,1
policy_t1.0,668,47.759610,1
policy_t1.0,669,47.759610,1
policy_t1.0,670,47.759610,1
policy_t1.0,671,47.759610,1
policy_t1.0,672,47.759610,1
policy_t1.0,673,47.759610,1
policy_t1.0,674,47.759610,1
policy_t1.0,675,47.759610,1
policy_t1.0,676,47.759610,1
policy_t1.0,677,47.759610,1
policy_t1.0,678,47.759610,1
policy_t1.0,679,47.759610,1
policy_t1.0,680,47.759610,1
policy_t1.0,681,47.759610,1
policy_t1.0,682,47.759610,1
policy_t1.0,683,47.759610,1
policy_t1.0,684,47.759610,1
policy_t1.0,685,47.759610,1
policy_t1.0,686,47.759610,1
policy_t1.0,687,47.759610,1
policy_t1.0,688,47.759610,1
policy_t1.0,689,47.759610,1
policy_t1.0,690,47.759610,1
policy_t1.0,691,47.759610,1
policy_t1.0,692,47.759610,1
policy_t1.0,693,47.759610,1
policy_t1.0,694,47.759610,1
policy_t1.0,695,47.759610,1
policy_t1.0,696,47.759610,1
policy_t1.0,697,47.759610,1
policy_t1.0,698,47.759610,1
policy_t1.0,699,47.759610,1
policy_t1.0,700,47.759610,1
policy_t1.0,701,47.759610,1
policy_t1.0,702,47.759610,1
policy_t1.0,703,47.759610,1
policy_t1.0,704,47.759610,1
policy_t1.0,705,47.759610,1
policy_t1.0,706,47.759610,1
policy_t1.0,707,47.759610,1
policy_t1.0,708,47.759610,1
policy_t1.0,709,47.759610,1
policy_t1.0,710,47.759610,1
policy_t1.0,711,47.759610,1
policy_t1.0,712,47.759610,1
policy_t1.0,713,47.759610,1
policy_t1.0,714,47.759610,1
policy_t1.0,715,47.759610,1
policy_t1.0,716,47.759610,1
policy_t1.0,717,47.759610,1
policy_t1.0,718,47.759610,1
policy_t1.0,719,47.759610,1
policy_t1.0,720,47.759610,1
policy_t1.0,721,47.759610,1
policy_t1.0,722,47.759610,1
policy_t1.0,723,47.759610,1
policy_t1.0,724,47.759610,1
policy_t1.0,725,47.759610,1
policy_t1.0,726,47.759610,1
policy_t1.0,727,47.759610,1
policy_t1.0,728,47.759610,1
policy_t1.0,729,47.759610,1
policy_t1.0,730,47.759610,1
policy_t1.0,731,47.759610,1
policy_t1.0,732,47.759610,1
policy_t1.0,733,47.759610,1
policy_t1.0,734,47.759610,1
policy_t1.0,735,47.759610,1
policy_t1.0,736,47.759610,1
policy_t1.0,737,47.759610,1
policy_t1.0,738,47.759610,1
policy_t1.0,739,47.759610,1
policy_t1.0,740,47.759610,1
policy_t1.0,741,47.759610,1
policy_t1.0,742,47.759610,1
policy_t1.0,743,47.759610,1
policy_t1.0,744,47.759610,1
policy_t1.0,745,47.759610,1
policy_t1.0,746,47.759610,1
policy_t1.0,747,47.759610,1
policy_t1.0,748,47.759610,1
policy_t1.0,749,47.759610,1
policy_t1.0,750,47.759610,1
policy_t1.0,751,47.759610,1
policy_t1.0,752,47.759610,1
policy_t1.0,753,47.759610,1
policy_t1.0,754,47.759610,1
policy_t1.0,755,47.759610,1
policy_t1.0,756,47.759610,1
policy_t1.0,757,47.759610,1
policy_t1.0,758,47.759610,1
policy_t1.0,759,47.759610,1
policy_t1.0,760,47.759610,1
policy_t1.0,761,47.759610,1
policy_t1.0,762,47.759610,1
policy_t1.0,763,47.759610,1
policy_t1.0,764,47.759610,1
policy_t1.0,765,47.759610,1
policy_t1.0,766,47.759610,1
policy_t1.0,767,47.759610,1
policy_t1.0,768,47.759610,1
policy_t1.0,769,47.759610,1
policy_t1.0,770,47.759610,1
policy_t1.0,771,47.759610,1
policy_t1.0,772,47.759610,1
policy_t1.0,773,47.759610,1
policy_t1.0,774,47.759610,1
policy_t1.0,775,47.759610,1
policy_t1.0,776,47.759610,1
policy_t1.0,777,47.759610,1
policy_t1.0,778,47.759610,1
policy_t1.0,779,47.759610,1
policy_t1.0,780,47.759610,1
policy_t1.0,781,47.759610,1
policy_t1.0,782,47.759610,1
policy_t1.0,783,47.759610,1
policy_t1.0,784,47.759610,1
policy_t1.0,785,47.759610,1
policy_t1.0,786,47.759610,1
policy_t1.0,787,47.759610,1
policy_t1.0,788,47.759610,1
policy_t1.0,789,47.759610,1
policy_t1.0,790,47.759610,1
policy_t1.0,791,47.759610,1
policy_t1.0,792,47.759610,1
policy_t1.0,793,47.759610,1
policy_t1.0,794,47.759610,1
policy_t1.0,795,47.759610,1
policy_t1.0,796,47.759610,1
policy_t1.0,797,47.759610,1
policy_t1.0,798,47.759610,1
policy_t1.0,799,47.759610,1
policy_t1.0,800,47.759610,1
policy_t1.0,801,47.759610,1
policy_t1.0,802,47.759610,1
policy_t1.0,803,47.759610,1
policy_t1.0,804,47.759610,1
policy_t1.0,805,47.759610,1
policy_t1.0,806,47.759610,1
policy_t1.0,807,47.759610,1
policy_t1.0,808,47.759610,1
policy_t1.0,809,47.759610,1
policy_t1.0,810,47.759610,1
policy_t1.0,811,47.759610,1
policy_t1.0,812,47.759610,1
policy_t1.0,813,47.759610,1
policy_t1.0,814,47.759610,1
policy_t1.0,815,47.759610,1
policy_t1.0,816,47.759610,1
policy_t1.0,817,47.759610,1
policy_t1.0,818,47.759610,1
policy_t1.0,819,47.759610,1
policy_t1.0,820,47.759610,1
policy_t1.0,821,47.759610,1
policy_t1.0,822,47.759610,1
policy_t1.0,823,47.759610,1
policy_t1.0,824,47.759610,1
policy_t1.0,825,47.759610,1
policy_t1.0,826,47.759610,1
policy_t1.0,827,47.759610,1
policy_t1.0,828,47.759610,1
policy_t1.0,829,47.759610,1
policy_t1.0,830,47.759610,1
policy_t1.0,831,47.759610,1
policy_t1.0,832,47.759610,1
policy_t1.0,833,47.759610,1
policy_t1.0,834,47.759610,1
policy_t1.0,835,47.759610,1
policy_t1.0,836,47.759610,1
policy_t1.0,837,47.759610,1
policy_t1.0,838,47.759610,1
policy_t1.0,839,47.759610,1
policy_t1.0,840,47.759610,1
policy_t1.0,841,47.759610,1
policy_t1.0,842,47.759610,1
policy_t1.0,843,47.759610,1
policy_t1.0,844,47.759610,1
policy_t1.0,845,47.759610,1
policy_t1.0,846,47.759610,1
policy_t1.0,847,47.759610,1
policy_t1.0,848,47.759610,1
policy_t1.0,849,47.759610,1
policy_t1.0,850,47.759610,1
policy_t1.0,851,47.759610,1
policy_t1.0,852,47.759610,1
policy_t1.0,853,47.759610,1
policy_t1.0,854,47.759610,1
policy_t1.0,855,47.759610,1
policy_t1.0,856,47.759610,1
policy_t1.0,857,47.759610,1
policy_t1.0,858,47.759610,1
policy_t1.0,859,47.759610,1
policy_t1.0,860,47.759610,1
policy_t1.0,861,47.759610,1
policy_t1.0,862,47.759610,1
policy_t1.0,863,47.759610,1
policy_t1.0,864,47.759610,1
policy_t1.0,865,47.759610,1
policy_t1.0,866,47.759610,1
policy_t1.0,867,47.759610,1
policy_t1.0,868,47.759610,1
policy_t1.0,869,47.759610,1
policy_t1.0,870,47.759610,1
policy_t1.0,871,47.759610,1
policy_t1.0,872,47.759610,1
policy_t1.0,873,47.759610,1
policy_t1.0,874,47.759610,1
policy_t1.0,875,47.759610,1
policy_t1.0,876,47.759610,1
policy_t1.0,877,47.759610,1
policy_t1.0,878,47.759610,1
policy_t1.0,879,47.759610,1
policy_t1.0,880,47.759610,1
policy_t1.0,881,47.759610,1
policy_t1.0,882,47.759610,1
policy_t1.0,883,47.759610,1
policy_t1.0,884,47.759610,1
policy_t1.0,885,47.759610,1
policy_t1.0,886,47.759610,1
policy_t1.0,887,47.759610,1
policy_t1.0,888,47.759610,1
policy_t1.0,889,47.759610,1
policy_t1.0,890,47.759610,1
policy_t1.0,891,47.759610,1
policy_t1.0,892,47.759610,1
policy_t1.0,893,47.759610,1
policy_t1.0,894,47.759610,1
policy_t1.0,895,47.759610,1
policy_t1.0,896,47.759610,1
policy_t1.0,897,47.759610,1
policy_t1.0,898,47.759610,1
policy_t1.0,899,47.759610,1
policy_t1.0,900,47.759610,1
policy_t1.0,901,47.759610,1
policy_t1.0,902,47.759610,1
policy_t1.0,903,47.759610,1
policy_t1.0,904,47.759610,1
policy_t1.0,905,47.759610,1
policy_t1.0,906,47.759610,1
policy_t1.0,907,47.759610,1
policy_t1.0,908,47.759610,1
policy_t1.0,909,47.759610,1
policy_t1.0,910,47.759610,1
policy_t1.0,911,47.759610,1
policy_t1.0,912,47.759610,1
policy_t1.0,913,47.759610,1
policy_t1.0,914,47.759610,1
policy_t1.0,915,47.759610,1
policy_t1.0,916,47.759610,1
policy_t1.0,917,47.759610,1
policy_t1.0,918,47.759610,1
policy_t1.0,919,47.759610,1
policy_t1.0,920,47.759610,1
policy_t1.0,921,47.759610,1
policy_t1.0,922,47.759610,1
policy_t1.0,923,47.759610,1
policy_t1.0,924,47.759610,1
policy_t1.0,925,47.759610,1
policy_t1.0,926,47.759610,1
policy_t1.0,927,47.759610,1
policy_t1.0,928,47.759610,1
policy_t1.0,929,47.759610,1
policy_t1.0,930,47.759610,1
policy_t1.0,931,47.759610,1
policy_t1.0,932,47.759610,1
policy_t1.0,933,47.759610,1
policy_t1.0,934,47.759610,1
policy_t1.0,935,47.759610,1
policy_t1.0,936,47.759610,1
policy_t1.0,937,47.759610,1
policy_t1.0,938,47.759610,1
policy_t1.0,939,47.759610,1
policy_t1.0,940,47.759610,1
policy_t1.0,941,47.759610,1
policy_t1.0,942,47.759610,1
policy_t1.0,943,47.759610,1
policy_t1.0,944,47.759610,1
policy_t1.0,945,47.759610,1
policy_t1.0,946,47.759610,1
policy_t1.0,947,47.759610,1
policy_t1.0,948,47.759610,1
policy_t1.0,949,47.759610,1
policy_t1.0,950,47.759610,1
policy_t1.0,951,47.759610,1
policy_t1.0,952,47.759610,1
policy_t1.0,953,47.759610,1
policy_t1.0,954,47.759610,1
policy_t1.0,955,47.759610,1
policy_t1.0,956,47.759610,1
policy_t1.0,957,47.759610,1
policy_t1.0,958,47.759610,1
policy_t1.0,959,47.759610,1
policy_t1.0,960,47.759610,1
policy_t1.0,961,47.759610,1
policy_t1.0,962,47.759610,1
policy_t1.0,963,47.759610,1
policy_t1.0,964,47.759610,1
policy_t1.0,965,47.759610,1
policy_t1.0,966,47.759610,1
policy_t1.0,967,47.759610,1
policy_t1.0,968,47.759610,1
policy_t1.0,969,47.759610,1
policy_t1.0,970,47.759610,1
policy_t1.0,971,47.759610,1
policy_t1.0,972,47.759610,1
policy_t1.0,973,47.759610,1
policy_t1.0,974,47.759610,1
policy_t1.0,975,47.759610,1
policy_t1.0,976,47.759610,1
policy_t1.0,977,47.759610,1
policy_t1.0,978,47.759610,1
policy_t1.0,979,47.759610,1
policy_t1.0,980,47.759610,1
policy_t1.0,981,47.759610,1
policy_t1.0,982,47.759610,1
policy_t1.0,983,47.759610,1
policy_t1.0,984,47.759610,1
policy_t1.0,985,47.759610,1
policy_t1.0,986,47.759610,1
policy_t1.0,987,47.759610,1
policy_t1.0,988,47.759610,1
policy_t1.0,989,47.759610,1
policy_t1.0,990,47.759610,1
policy_t1.0,991,47.759610,1
policy_t1.0,992,47.759610,1
policy_t1.0,993,47.759610,1
policy_t1.0,994,47.759610,1
policy_t1.0,995,47.759610,1
policy_t1.0,996,47.759610,1
policy_t1.0,997,47.759610,1
policy_t1.0,998,47.759610,1
policy_t1.0,999,47.759610,1
policy_t1.0,1000,47.759610,1
policy_t1.0,1001,47.759610,1
policy_t1.0,1002,47.759610,1
policy_t1.0,1003,47.759610,1
policy_t1.0,1004,47.759610,1
policy_t1.0,1005,47.759610,1
policy_t1.0,1006,47.759610,1
policy_t1.0,1007,47.759610,1
policy_t1.0,1008,47.759610,1
policy_t1.0,1009,47.759610,1
policy_t1.0,1010,47.759610,1
policy_t1.0,1011,47.759610,1
policy_t1.0,1012,47.759610,1
policy_t1.0,1013,47.759610,1
policy_t1.0,1014,47.759610,1
policy_t1.0,1015,47.759610,1
policy_t1.0,1016,47.759610,1
policy_t1.0,1017,47.759610,1
policy_t1.0,1018,47.759610,1
policy_t1.0,1019,47.759610,1
policy_t1.0,1020,47.759610,1
policy_t1.0,1021,47.759610,1
policy_t1.0,1022,47.759610,1
policy_t1.0,1023,47.759610,1
policy_t1.0,1024,47.759610,1
policy_t1.0,1025,47.759610,1
policy_t1.0,1026,47.759610,1
policy_t1.0,1027,47.759610,1
policy_t1.0,1028,47.759610,1
policy_t1.0,1029,47.759610,1
policy_t1.0,1030,47.759610,1
policy_t1.0,1031,47.759610,1
policy_t1.0,1032,47.759610,1
policy_t1.0,1033,47.759610,1
policy_t1.0,1034,47.759610,1
policy_t1.0,1035,47.759610,1
policy_t1.0,1036,47.759610,1
policy_t1.0,1037,47.759610,1
policy_t1.0,1038,47.759610,1
policy_t1.0,1039,47.759610,1
policy_t1.0,1040,47.759610,1
policy_t1.0,1041,47.759610,1
policy_t1.0,1042,47.759610,1
policy_t1.0,1043,47.759610,1
policy_t1.0,1044,47.759610,1
policy_t1.0,1045,47.759610,1
policy_t1.0,1046,47.759610,1
policy_t1.0,1047,47.759610,1
policy_t1.0,1048,47.759610,1
policy_t1.0,1049,47.759610,1
policy_t1.0,1050,47.759610,1
policy_t1.0,1051,47.759610,1
policy_t1.0,1052,47.759610,1
policy_t1.0,1053,47.759610,1
policy_t1.0,1054,47.759610,1
policy_t1.0,1055,47.759610,1
policy_t1.0,1056,47.759610,1
policy_t1.0,1057,47.759610,1
policy_t1.0,1058,47.759610,1
policy_t1.0,1059,47.759610,1
policy_t1.0,1060,47.759610,1
policy_t1.0,1061,47.759610,1
policy_t1.0,1062,47.759610,1
policy_t1.0,1063,47.759610,1
policy_t1.0,1064,47.759610,1
policy_t1.0,1065,47.759610,1
policy_t1.0,1066,47.759610,1
policy_t1.0,1067,47.759610,1
policy_t1.0,1068,47.759610,1
policy_t1.0,1069,47.759610,1
policy_t1.0,1070,47.759610,1
policy_t1.0,1071,47.759610,1
policy_t1.0,1072,47.759610,1
policy_t1.0,1073,47.759610,1
policy_t1.0,1074,-1.150515,0
policy_t1.0,1075,47.759610,1
policy_t1.0,1076,47.759610,1
policy_t1.0,1077,47.759610,1
policy_t1.0,1078,47.759610,1
policy_t1.0,1079,47.759610,1
policy_t1.0,1080,47.759610,1
policy_t1.0,1081,47.759610,1
policy_t1.0,1082,47.759610,1
policy_t1.0,1083,47.759610,1
policy_t1.0,1084,47.759610,1
policy_t1.0,1085,47.759610,1
policy_t1.0,1086,47.759610,1
policy_t1.0,1087,47.759610,1
policy_t1.0,1088,47.759610,1
policy_t1.0,1089,47.759610,1
policy_t1.0,1090,47.759610,1
policy_t1.0,1091,47.759610,1
policy_t1.0,1092,47.759610,1
policy_t1.0,1093,47.759610,1
policy_t1.0,1094,47.759610,1
policy_t1.0,1095,47.759610,1
policy_t1.0,1096,47.759610,1
policy_t1.0,1097,47.759610,1
policy_t1.0,1098,47.759610,1
policy_t1.0,1099,47.759610,1
policy_t1.0,1100,47.759610,1
policy_t1.0,1101,47.759610,1
policy_t1.0,1102,47.759610,1
policy_t1.0,1103,47.759610,1
policy_t1.0,1104,47.759610,1
policy_t1.0,1105,47.759610,1
policy_t1.0,1106,47.759610,1
policy_t1.0,1107,47.759610,1
policy_t1.0,1108,47.759610,1
policy_t1.0,1109,47.759610,1
policy_t1.0,1110,47.759610,1
policy_t1.0,1111,47.759610,1
policy_t1.0,1112,47.759610,1
policy_t1.0,1113,47.759610,1
policy_t1.0,1114,47.759610,1
policy_t1.0,1115,47.759610,1
policy_t1.0,1116,47.759610,1
policy_t1.0,1117,47.759610,1
policy_t1.0,1118,47.759610,1
policy_t1.0,1119,47.759610,1
policy_t1.0,1120,47.759610,1
policy_t1.0,1121,47.759610,1
policy_t1.0,1122,47.759610,1
policy_t1.0,1123,47.759610,1
policy_t1.0,1124,47.759610,1
policy_t1.0,1125,47.759610,1
policy_t1.0,1126,47.759610,1
policy_t1.0,1127,47.759610,1
policy_t1.0,1128,47.759610,1
policy_t1.0,1129,47.759610,1
policy_t1.0,1130,47.759610,1
policy_t1.0,1131,47.759610,1
policy_t1.0,1132,47.759610,1
policy_t1.0,1133,47.759610,1
policy_t1.0,1134,47.759610,1
policy_t1.0,1135,47.759610,1
policy_t1.0,1136,47.759610,1
policy_t1.0,1137,47.759610,1
policy_t1.0,1138,47.759610,1
policy_t1.0,1139,47.759610,1
policy_t1.0,1140,47.759610,1
policy_t1.0,1141,47.759610,1
policy_t1.0,1142,47.759610,1
policy_t1.0,1143,47.759610,1
policy_t1.0,1144,47.759610,1
policy_t1.0,1145,47.759610,1
policy_t1.0,1146,47.759610,1
policy_t1.0,1147,47.759610,1
policy_t1.0,1148,47.759610,1
policy_t1.0,1149,47.759610,1
policy_t1.0,1150,47.759610,1
policy_t1.0,1151,47.759610,1
policy_t1.0,1152,47.759610,1
policy_t1.0,1153,47.759610,1
policy_t1.0,1154,47.759610,1
policy_t1.0,1155,47.759610,1
policy_t1.0,1156,47.759610,1
policy_t1.0,1157,47.759610,1
policy_t1.0,1158,47.759610,1
policy_t1.0,1159,47.759610,1
policy_t1.0,1160,47.759610,1
policy_t1.0,1161,47.759610,1
policy_t1.0,1162,47.759610,1
policy_t1.0,1163,47.759610,1
policy_t1.0,1164,47.759610,1
policy_t1.0,1165,47.759610,1
policy_t1.0,1166,47.759610,1
policy_t1.0,1167,47.759610,1
policy_t1.0,1168,47.759610,1
policy_t1.0,1169,47.759610,1
policy_t1.0,1170,47.759610,1
policy_t1.0,1171,47.759610,1
policy_t1.0,1172,47.759610,1
policy_t1.0,1173,47.759610,1
policy_t1.0,1174,47.759610,1
policy_t1.0,1175,47.759610,1
policy_t1.0,1176,47.759610,1
policy_t1.0,1177,47.759610,1
policy_t1.0,1178,47.759610,1
policy_t1.0,1179,47.759610,1
policy_t1.0,1180,47.759610,1
policy_t1.0,1181,47.759610,1
policy_t1.0,1182,47.759610,1
policy_t1.0,1183,47.759610,1
policy_t1.0,1184,47.759610,1
policy_t1.0,1185,47.759610,1
policy_t1.0,1186,47.759610,1
policy_t1.0,1187,47.759610,1
policy_t1.0,1188,47.759610,1
policy_t1.0,1189,47.759610,1
policy_t1.0,1190,47.759610,1
policy_t1.0,1191,47.759610,1
policy_t1.0,1192,47.759610,1
policy_t1.0,1193,47.759610,1
policy_t1.0,1194,47.759610,1
policy_t1.0,1195,47.759610,1
policy_t1.0,1196,47.759610,1
policy_t1.0,1197,47.759610,1
policy_t1.0,1198,47.759610,1
policy_t1.0,1199,47.759610,1
policy_t1.0,1200,47.759610,1
policy_t1.0,1201,47.759610,1
policy_t1.0,1202,47.759610,1
policy_t1.0,1203,47.759610,1
policy_t1.0,1204,47.759610,1
policy_t1.0,1205,47.759610,1
policy_t1.0,1206,47.759610,1
policy_t1.0,1207,47.759610,1
policy_t1.0,1208,47.759610,1
policy_t1.0,1209,47.759610,1
policy_t1.0,1210,47.759610,1
policy_t1.0,1211,47.759610,1
policy_t1.0,1212,47.759610,1
policy_t1.0,1213,47.759610,1
policy_t1.0,1214,47.759610,1
policy_t1.0,1215,47.759610,1
policy_t1.0,1216,47.759610,1
policy_t1.0,1217,47.759610,1
policy_t1.0,1218,47.759610,1
policy_t1.0,1219,47.759610,1
policy_t1.0,1220,47.759610,1
policy_t1.0,1221,47.759610,1
policy_t1.0,1222,47.759610,1
policy_t1.0,1223,47.759610,1
policy_t1.0,1224,47.759610,1
policy_t1.0,1225,47.759610,1
policy_t1.0,1226,47.759610,1
policy_t1.0,1227,47.759610,1
policy_t1.0,1228,47.759610,1
policy_t1.0,1229,47.759610,1
policy_t1.0,1230,47.759610,1
policy_t1.0,1231,47.759610,1
policy_t1.0,1232,47.759610,1
policy_t1.0,1233,47.759610,1
policy_t1.0,1234,47.759610,1
policy_t1.0,1235,47.759610,1
policy_t1.0,1236,47.759610,1
policy_t1.0,1237,47.759610,1
policy_t1.0,1238,47.759610,1
policy_t1.0,1239,47.759610,1
policy_t1.0,1240,47.759610,1
policy_t1.0,1241,47.759610,1
policy_t1.0,1242,47.759610,1
policy_t1.0,1243,47.759610,1
policy_t1.0,1244,47.759610,1
policy_t1.0,1245,47.759610,1
policy_t1.0,1246,47.759610,1
policy_t1.0,1247,47.759610,1
policy_t1.0,1248,47.759610,1
policy_t1.0,1249,47.759610,1
policy_t1.0,1250,47.759610,1
policy_t1.0,1251,47.759610,1
policy_t1.0,1252,47.759610,1
policy_t1.0,1253,47.759610,1
policy_t1.0,1254,47.759610,1
policy_t1.0,1255,47.759610,1
policy_t1.0,1256,47.759610,1
policy_t1.0,1257,47.759610,1
policy_t1.0,1258,47.759610,1
policy_t1.0,1259,47.759610,1
policy_t1.0,1260,47.759610,1
policy_t1.0,1261,47.759610,1
policy_t1.0,1262,47.759610,1
policy_t1.0,1263,47.759610,1
policy_t1.0,1264,47.759610,1
policy_t1.0,1265,47.759610,1
policy_t1.0,1266,47.759610,1
policy_t1.0,1267,47.759610,1
policy_t1.0,1268,47.759610,1
policy_t1.0,1269,47.759610,1
policy_t1.0,1270,47.759610,1
policy_t1.0,1271,47.759610,1
policy_t1.0,1272,47.759610,1
policy_t1.0,1273,47.759610,1
policy_t1.0,1274,47.759610,1
policy_t1.0,1275,47.759610,1
policy_t1.0,1276,47.759610,1
policy_t1.0,1277,47.759610,1
policy_t1.0,1278,47.759610,1
policy_t1.0,1279,47.759610,1
policy_t1.0,1280,47.759610,1
policy_t1.0,1281,47.759610,1
policy_t1.0,1282,47.759610,1
policy_t1.0,1283,47.759610,1
policy_t1.0,1284,47.759610,1
policy_t1.0,1285,47.759610,1
policy_t1.0,1286,47.759610,1
policy_t1.0,1287,47.759610,1
policy_t1.0,1288,47.759610,1
policy_t1.0,1289,47.759610,1
policy_t1.0,1290,47.759610,1
policy_t1.0,1291,47.759610,1
policy_t1.0,1292,47.759610,1
policy_t1.0,1293,47.759610,1
policy_t1.0,1294,47.759610,1
policy_t1.0,1295,47.759610,1
policy_t1.0,1296,47.759610,1
policy_t1.0,1297,47.759610,1
policy_t1.0,1298,47.759610,1
policy_t1.0,1299,47.759610,1
policy_t1.0,1300,47.759610,1
policy_t1.0,1301,47.759610,1
policy_t1.0,1302,47.759610,1
policy_t1.0,1303,47.759610,1
policy_t1.0,1304,47.759610,1
policy_t1.0,1305,47.759610,1
policy_t1.0,1306,47.759610,1
policy_t1.0,1307,47.759610,1
policy_t1.0,1308,47.759610,1
policy_t1.0,1309,47.759610,1
policy_t1.0,1310,47.759610,1
policy_t1.0,1311,47.759610,1
policy_t1.0,1312,47.759610,1
policy_t1.0,1313,47.759610,1
policy_t1.0,1314,47.759610,1
policy_t1.0,1315,47.759610,1
policy_t1.0,1316,47.759610,1
policy_t1.0,1317,47.759610,1
policy_t1.0,1318,47.759610,1
policy_t1.0,1319,47.759610,1
policy_t1.0,1320,47.759610,1
policy_t1.0,1321,47.759610,1
policy_t1.0,1322,47.759610,1
policy_t1.0,1323,47.759610,1
policy_t1.0,1324,47.759610,1
policy_t1.0,1325,47.759610,1
policy_t1.0,1326,47.759610,1
policy_t1.0,1327,47.759610,1
policy_t1.0,1328,47.759610,1
policy_t1.0,1329,47.759610,1
policy_t1.0,1330,47.759610,1
policy_t1.0,1331,47.759610,1
policy_t1.0,1332,47.759610,1
policy_t1.0,1333,47.759610,1
policy_t1.0,1334,47.759610,1
policy_t1.0,1335,47.759610,1
policy_t1.0,1336,47.759610,1
policy_t1.0,1337,47.759610,1
policy_t1.0,1338,47.759610,1
policy_t1.0,1339,47.759610,1
policy_t1.0,1340,47.759610,1
policy_t1.0,1341,47.759610,1
policy_t1.0,1342,47.759610,1
policy_t1.0,1343,47.759610,1
policy_t1.0,1344,47.759610,1
policy_t1.0,1345,47.759610,1
policy_t1.0,1346,47.759610,1
policy_t1.0,1347,47.759610,1
policy_t1.0,1348,47.759610,1
policy_t1.0,1349,47.759610,1
policy_t1.0,1350,47.759610,1
policy_t1.0,1351,47.759610,1
policy_t1.0,1352,47.759610,1
policy_t1.0,1353,47.759610,1
policy_t1.0,1354,47.759610,1
policy_t1.0,1355,47.759610,1
policy_t1.0,1356,47.759610,1
policy_t1.0,1357,47.759610,1
policy_t1.0,1358,47.759610,1
policy_t1.0,1359,47.759610,1
policy_t1.0,1360,47.759610,1
policy_t1.0,1361,47.759610,1
policy_t1.0,1362,47.759610,1
policy_t1.0,1363,47.759610,1
policy_t1.0,1364,47.759610,1
policy_t1.0,1365,47.759610,1
policy_t1.0,1366,47.759610,1
policy_t1.0,1367,47.759610,1
policy_t1.0,1368,47.759610,1
policy_t1.0,1369,47.759610,1
policy_t1.0,1370,47.759610,1
policy_t1.0,1371,47.759610,1
policy_t1.0,1372,47.759610,1
policy_t1.0,1373,47.759610,1
policy_t1.0,1374,47.759610,1
policy_t1.0,1375,47.759610,1
policy_t1.0,1376,47.759610,1
policy_t1.0,1377,47.759610,1
policy_t1.0,1378,47.759610,1
policy_t1.0,1379,47.759610,1
policy_t1.0,1380,47.759610,1
policy_t1.0,1381,47.759610,1
policy_t1.0,1382,47.759610,1
policy_t1.0,1383,47.759610,1
policy_t1.0,1384,47.759610,1
policy_t1.0,1385,47.759610,1
policy_t1.0,1386,47.759610,1
policy_t1.0,1387,47.759610,1
policy_t1.0,1388,47.759610,1
policy_t1.0,1389,47.759610,1
policy_t1.0,1390,47.759610,1
policy_t1.0,1391,47.759610,1
policy_t1.0,1392,47.759610,1
policy_t1.0,1393,47.759610,1
policy_t1.0,1394,47.759610,1
policy_t1.0,1395,47.759610,1
policy_t1.0,1396,47.759610,1
policy_t1.0,1397,47.759610,1
policy_t1.0,1398,47.759610,1
policy_t1.0,1399,47.759610,1
policy_t1.0,1400,47.759610,1
policy_t1.0,1401,47.759610,1
policy_t1.0,1402,47.759610,1
policy_t1.0,1403,47.759610,1
policy_t1.0,1404,47.759610,1
policy_t1.0,1405,47.759610,1
policy_t1.0,1406,47.759610,1
policy_t1.0,1407,47.759610,1
policy_t1.0,1408,47.759610,1
policy_t1.0,1409,47.759610,1
policy_t1.0,1410,47.759610,1
policy_t1.0,1411,47.759610,1
policy_t1.0,1412,47.759610,1
policy_t1.0,1413,47.759610,1
policy_t1.0,1414,47.759610,1
policy_t1.0,1415,47.759610,1
policy_t1.0,1416,47.759610,1
policy_t1.0,1417,47.759610,1
policy_t1.0,1418,47.759610,1
policy_t1.0,1419,47.759610,1
policy_t1.0,1420,47.759610,1
policy_t1.0,1421,47.759610,1
policy_t1.0,1422,47.759610,1
policy_t1.0,1423,47.759610,1
policy_t1.0,1424,47.759610,1
policy_t1.0,1425,47.759610,1
policy_t1.0,1426,47.759610,1
policy_t1.0,1427,47.759610,1
policy_t1.0,1428,47.759610,1
policy_t1.0,1429,47.759610,1
policy_t1.0,1430,47.759610,1
policy_t1.0,1431,47.759610,1
policy_t1.0,1432,47.759610,1
policy_t1.0,1433,47.759610,1
policy_t1.0,1434,47.759610,1
policy_t1.0,1435,47.759610,1
policy_t1.0,1436,47.759610,1
policy_t1.0,1437,47.759610,1
policy_t1.0,1438,47.759610,1
policy_t1.0,1439,47.759610,1
policy_t1.0,1440,47.759610,1
policy_t1.0,1441,47.759610,1
policy_t1.0,1442,47.759610,1
policy_t1.0,1443,47.759610,1
policy_t1.0,1444,47.759610,1
policy_t1.0,1445,47.759610,1
policy_t1.0,1446,47.759610,1
policy_t1.0,1447,47.759610,1
policy_t1.0,1448,47.759610,1
policy_t1.0,1449,47.759610,1
policy_t1.0,1450,47.759610,1
policy_t1.0,1451,47.759610,1
policy_t1.0,1452,47.759610,1
policy_t1.0,1453,47.759610,1
policy_t1.0,1454,47.759610,1
policy_t1.0,1455,47.759610,1
policy_t1.0,1456,47.759610,1
policy_t1.0,1457,47.759610,1
policy_t1.0,1458,47.759610,1
policy_t1.0,1459,47.759610,1
policy_t1.0,1460,47.759610,1
policy_t1.0,1461,47.759610,1
policy_t1.0,1462,47.759610,1
policy_t1.0,1463,47.759610,1
policy_t1.0,1464,47.759610,1
policy_t1.0,1465,47.759610,1
policy_t1.0,1466,47.759610,1
policy_t1.0,1467,47.759610,1
policy_t1.0,1468,47.759610,1
policy_t1.0,1469,47.759610,1
policy_t1.0,1470,47.759610,1
policy_t1.0,1471,47.759610,1
policy_t1.0,1472,47.759610,1
policy_t1.0,1473,47.759610,1
policy_t1.0,1474,47.759610,1
policy_t1.0,1475,47.759610,1
policy_t1.0,1476,47.759610,1
policy_t1.0,1477,47.759610,1
policy_t1.0,1478,47.759610,1
policy_t1.0,1479,47.759610,1
policy_t1.0,1480,47.759610,1
policy_t1.0,1481,47.759610,1
policy_t1.0,1482,47.759610,1
policy_t1.0,1483,47.759610,1
policy_t1.0,1484,47.759610,1
policy_t1.0,1485,47.759610,1
policy_t1.0,1486,47.759610,1
policy_t1.0,1487,47.759610,1
policy_t1.0,1488,47.759610,1
policy_t1.0,1489,47.759610,1
policy_t1.0,1490,47.759610,1
policy_t1.0,1491,47.759610,1
policy_t1.0,1492,47.759610,1
policy_t1.0,1493,47.759610,1
policy_t1.0,1494,47.759610,1
policy_t1.0,1495,47.759610,1
policy_t1.0,1496,47.759610,1
policy_t1.0,1497,47.759610,1
policy_t1.0,1498,47.759610,1
policy_t1.0,1499,47.759610,1
policy_t1.0,1500,47.759610,1
policy_t1.0,1501,47.759610,1
policy_t1.0,1502,47.759610,1
policy_t1.0,1503,47.759610,1
policy_t1.0,1504,47.759610,1
policy_t1.0,1505,47.759610,1
policy_t1.0,1506,47.759610,1
policy_t1.0,1507,47.759610,1
policy_t1.0,1508,47.759610,1
policy_t1.0,1509,47.759610,1
policy_t1.0,1510,47.759610,1
policy_t1.0,1511,47.759610,1
policy_t1.0,1512,47.759610,1
policy_t1.0,1513,47.759610,1
policy_t1.0,1514,47.759610,1
policy_t1.0,1515,47.759610,1
policy_t1.0,1516,47.759610,1
policy_t1.0,1517,47.759610,1
policy_t1.0,1518,47.759610,1
policy_t1.0,1519,47.759610,1
policy_t1.0,1520,47.759610,1
policy_t1.0,1521,47.759610,1
policy_t1.0,1522,47.759610,1
policy_t1.0,1523,47.759610,1
policy_t1.0,1524,47.759610,1
policy_t1.0,1525,47.759610,1
policy_t1.0,1526,47.759610,1
policy_t1.0,1527,47.759610,1
policy_t1.0,1528,47.759610,1
policy_t1.0,1529,47.759610,1
policy_t1.0,1530,47.759610,1
policy_t1.0,1531,47.759610,1
policy_t1.0,1532,47.759610,1
policy_t1.0,1533,47.759610,1
policy_t1.0,1534,47.759610,1
policy_t1.0,1535,47.759610,1
policy_t1.0,1536,47.759610,1
policy_t1.0,1537,47.759610,1
policy_t1.0,1538,47.759610,1
policy_t1.0,1539,47.759610,1
policy_t1.0,1540,47.759610,1
policy_t1.0,1541,47.759610,1
policy_t1.0,1542,47.759610,1
policy_t1.0,1543,47.759610,1
policy_t1.0,1544,47.759610,1
policy_t1.0,1545,47.759610,1
policy_t1.0,1546,47.759610,1
policy_t1.0,1547,47.759610,1
policy_t1.0,1548,47.759610,1
policy_t1.0,1549,47.759610,1
policy_t1.0,1550,47.759610,1
policy_t1.0,1551,47.759610,1
policy_t1.0,1552,47.759610,1
policy_t1.0,1553,47.759610,1
policy_t1.0,1554,47.759610,1
policy_t1.0,1555,47.759610,1
policy_t1.0,1556,47.759610,1
policy_t1.0,1557,47.759610,1
policy_t1.0,1558,47.759610,1
policy_t1.0,1559,47.759610,1
policy_t1.0,1560,47.759610,1
policy_t1.0,1561,47.759610,1
policy_t1.0,1562,47.759610,1
policy_t1.0,1563,47.759610,1
policy_t1.0,1564,47.759610,1
policy_t1.0,1565,47.759610,1
policy_t1.0,1566,47.759610,1
policy_t1.0,1567,47.759610,1
policy_t1.0,1568,47.759610,1
policy_t1.0,1569,47.759610,1
policy_t1.0,1570,47.759610,1
policy_t1.0,1571,47.759610,1
policy_t1.0,1572,47.759610,1
policy_t1.0,1573,47.759610,1
policy_t1.0,1574,47.759610,1
policy_t1.0,1575,47.759610,1
policy_t1.0,1576,47.759610,1
policy_t1.0,1577,47.759610,1
policy_t1.0,1578,47.759610,1
policy_t1.0,1579,47.759610,1
policy_t1.0,1580,47.759610,1
policy_t1.0,1581,47.759610,1
policy_t1.0,1582,47.759610,1
policy_t1.0,1583,47.759610,1
policy_t1.0,1584,47.759610,1
policy_t1.0,1585,47.759610,1
policy_t1.0,1586,47.759610,1
policy_t1.0,1587,47.759610,1
policy_t1.0,1588,47.759610,1
policy_t1.0,1589,47.759610,1
policy_t1.0,1590,47.759610,1
policy_t1.0,1591,47.759610,1
policy_t1.0,1592,47.759610,1
policy_t1.0,1593,47.759610,1
policy_t1.0,1594,47.759610,1
policy_t1.0,1595,47.759610,1
policy_t1.0,1596,47.759610,1
policy_t1.0,1597,47.759610,1
policy_t1.0,1598,47.759610,1
policy_t1.0,1599,47.759610,1
policy_t1.0,1600,47.759610,1
policy_t1.0,1601,47.759610,1
policy_t1.0,1602,47.759610,1
policy_t1.0,1603,47.759610,1
policy_t1.0,1604,47.759610,1
policy_t1.0,1605,47.759610,1
policy_t1.0,1606,47.759610,1
policy_t1.0,1607,47.759610,1
policy_t1.0,1608,47.759610,1
policy_t1.0,1609,47.759610,1
policy_t1.0,1610,47.759610,1
policy_t1.0,1611,47.759610,1
policy_t1.0,1612,47.759610,1
policy_t1.0,1613,47.759610,1
policy_t1.0,1614,47.759610,1
policy_t1.0,1615,47.759610,1
policy_t1.0,1616,47.759610,1
policy_t1.0,1617,47.759610,1
policy_t1.0,1618,47.759610,1
policy_t1.0,1619,47.759610,1
policy_t1.0,1620,47.759610,1
policy_t1.0,1621,47.759610,1
policy_t1.0,1622,47.759610,1
policy_t1.0,1623,47.759610,1
policy_t1.0,1624,47.759610,1
policy_t1.0,1625,47.759610,1
policy_t1.0,1626,47.759610,1
policy_t1.0,1627,47.759610,1
policy_t1.0,1628,47.759610,1
policy_t1.0,1629,47.759610,1
policy_t1.0,1630,47.759610,1
policy_t1.0,1631,47.759610,1
policy_t1.0,1632,47.759610,1
policy_t1.0,1633,47.759610,1
policy_t1.0,1634,47.759610,1
policy_t1.0,1635,47.759610,1
policy_t1.0,1636,47.759610,1
policy_t1.0,1637,47.759610,1
policy_t1.0,1638,47.759610,1
policy_t1.0,1639,47.759610,1
policy_t1.0,1640,47.759610,1
policy_t1.0,1641,47.759610,1
policy_t1.0,1642,47.759610,1
policy_t1.0,1643,47.759610,1
policy_t1.0,1644,47.759610,1
policy_t1.0,1645,47.759610,1
policy_t1.0,1646,47.759610,1
policy_t1.0,1647,47.759610,1
policy_t1.0,1648,47.759610,1
policy_t1.0,1649,47.759610,1
policy_t1.0,1650,47.759610,1
policy_t1.0,1651,47.759610,1
policy_t1.0,1652,47.759610,1
policy_t1.0,1653,47.759610,1
policy_t1.0,1654,47.759610,1
policy_t1.0,1655,47.759610,1
policy_t1.0,1656,47.759610,1
policy_t1.0,1657,47.759610,1
policy_t1.0,1658,47.759610,1
policy_t1.0,1659,47.759610,1
policy_t1.0,1660,47.759610,1
policy_t1.0,1661,47.759610,1
policy_t1.0,1662,47.759610,1
policy_t1.0,1663,47.759610,1
policy_t1.0,1664,47.759610,1
policy_t1.0,1665,47.759610,1
policy_t1.0,1666,47.759610,1
policy_t1.0,1667,47.759610,1
policy_t1.0,1668,47.759610,1
policy_t1.0,1669,47.759610,1
policy_t1.0,1670,47.759610,1
policy_t1.0,1671,47.759610,1
policy_t1.0,1672,47.759610,1
policy_t1.0,1673,47.759610,1
policy_t1.0,1674,47.759610,1
policy_t1.0,1675,47.759610,1
policy_t1.0,1676,47.759610,1
policy_t1.0,1677,47.759610,1
policy_t1.0,1678,47.759610,1
policy_t1.0,1679,47.759610,1
policy_t1.0,1680,47.759610,1
policy_t1.0,1681,47.759610,1
policy_t1.0,1682,47.759610,1
policy_t1.0,1683,47.759610,1
policy_t1.0,1684,47.759610,1
policy_t1.0,1685,47.759610,1
policy_t1.0,1686,47.759610,1
policy_t1.0,1687,47.759610,1
policy_t1.0,1688,47.759610,1
policy_t1.0,1689,47.759610,1
policy_t1.0,1690,47.759610,1
policy_t1.0,1691,47.759610,1
policy_t1.0,1692,47.759610,1
policy_t1.0,1693,47.759610,1
policy_t1.0,1694,47.759610,1
policy_t1.0,1695,47.759610,1
policy_t1.0,1696,47.759610,1
policy_t1.0,1697,47.759610,1
policy_t1.0,1698,47.759610,1
policy_t1.0,1699,47.759610,1
policy_t1.0,1700,47.759610,1
policy_t1.0,1701,47.759610,1
policy_t1.0,1702,47.759610,1
policy_t1.0,1703,47.759610,1
policy_t1.0,1704,47.759610,1
policy_t1.0,1705,47.759610,1
policy_t1.0,1706,47.759610,1
policy_t1.0,1707,47.759610,1
policy_t1.0,1708,47.759610,1
policy_t1.0,1709,47.759610,1
policy_t1.0,1710,47.759610,1
policy_t1.0,1711,47.759610,1
policy_t1.0,1712,47.759610,1
policy_t1.0,1713,47.759610,1
policy_t1.0,1714,47.759610,1
policy_t1.0,1715,47.759610,1
policy_t1.0,1716,47.759610,1
policy_t1.0,1717,47.759610,1
policy_t1.0,1718,47.759610,1
policy_t1.0,1719,47.759610,1
policy_t1.0,1720,47.759610,1
policy_t1.0,1721,47.759610,1
policy_t1.0,1722,47.759610,1
policy_t1.0,1723,47.759610,1
policy_t1.0,1724,47.759610,1
policy_t1.0,1725,47.759610,1
policy_t1.0,1726,47.759610,1
policy_t1.0,1727,47.759610,1
policy_t1.0,1728,47.759610,1
policy_t1.0,1729,47.759610,1
policy_t1.0,1730,47.759610,1
policy_t1.0,1731,47.759610,1
policy_t1.0,1732,47.759610,1
policy_t1.0,1733,47.759610,1
policy_t1.0,1734,47.759610,1
policy_t1.0,1735,47.759610,1
policy_t1.0,1736,47.759610,1
policy_t1.0,1737,47.759610,1
policy_t1.0,1738,47.759610,1
policy_t1.0,1739,47.759610,1
policy_t1.0,1740,47.759610,1
policy_t1.0,1741,47.759610,1
policy_t1.0,1742,47.759610,1
policy_t1.0,1743,47.759610,1
policy_t1.0,1744,47.759610,1
policy_t1.0,1745,47.759610,1
policy_t1.0,1746,47.759610,1
policy_t1.0,1747,47.759610,1
policy_t1.0,1748,47.759610,1
policy_t1.0,1749,47.759610,1
policy_t1.0,1750,47.759610,1
policy_t1.0,1751,47.759610,1
policy_t1.0,1752,47.759610,1
policy_t1.0,1753,47.759610,1
policy_t1.0,1754,47.759610,1
policy_t1.0,1755,47.759610,1
policy_t1.0,1756,47.759610,1
policy_t1.0,1757,47.759610,1
policy_t1.0,1758,47.759610,1
policy_t1.0,1759,47.759610,1
policy_t1.0,1760,47.759610,1
policy_t1.0,1761,47.759610,1
policy_t1.0,1762,47.759610,1
policy_t1.0,1763,47.759610,1
policy_t1.0,1764,47.759610,1
policy_t1.0,1765,47.759610,1
policy_t1.0,1766,47.759610,1
policy_t1.0,1767,47.759610,1
policy_t1.0,1768,47.759610,1
policy_t1.0,1769,47.759610,1
policy_t1.0,1770,47.759610,1
policy_t1.0,1771,47.759610,1
policy_t1.0,1772,47.759610,1
policy_t1.0,1773,47.759610,1
policy_t1.0,1774,47.759610,1
policy_t1.0,1775,47.759610,1
policy_t1.0,1776,47.759610,1
policy_t1.0,1777,47.759610,1
policy_t1.0,1778,47.759610,1
policy_t1.0,1779,47.759610,1
policy_t1.0,1780,47.759610,1
policy_t1.0,1781,47.759610,1
policy_t1.0,1782,47.759610,1
policy_t1.0,1783,47.759610,1
policy_t1.0,1784,47.759610,1
policy_t1.0,1785,47.759610,1
policy_t1.0,1786,47.759610,1
policy_t1.0,1787,47.759610,1
policy_t1.0,1788,47.759610,1
policy_t1.0,1789,47.759610,1
policy_t1.0,1790,47.759610,1
policy_t1.0,1791,47.759610,1
policy_t1.0,1792,47.759610,1
policy_t1.0,1793,47.759610,1
policy_t1.0,1794,47.759610,1
policy_t1.0,1795,47.759610,1
policy_t1.0,1796,47.759610,1
policy_t1.0,1797,47.759610,1
policy_t1.0,1798,47.759610,1
policy_t1.0,1799,47.759610,1
policy_t1.0,1800,47.759610,1
policy_t1.0,1801,47.759610,1
policy_t1.0,1802,47.759610,1
policy_t1.0,1803,47.759610,1
policy_t1.0,1804,47.759610,1
policy_t1.0,1805,47.759610,1
policy_t1.0,1806,47.759610,1
policy_t1.0,1807,47.759610,1
policy_t1.0,1808,47.759610,1
policy_t1.0,1809,47.759610,1
policy_t1.0,1810,47.759610,1
policy_t1.0,1811,47.759610,1
policy_t1.0,1812,47.759610,1
policy_t1.0,1813,47.759610,1
policy_t1.0,1814,47.759610,1
policy_t1.0,1815,47.759610,1
policy_t1.0,1816,47.759610,1
policy_t1.0,1817,47.759610,1
policy_t1.0,1818,47.759610,1
policy_t1.0,1819,47.759610,1
policy_t1.0,1820,47.759610,1
policy_t1.0,1821,47.759610,1
policy_t1.0,1822,47.759610,1
policy_t1.0,1823,47.759610,1
policy_t1.0,1824,47.759610,1
policy_t1.0,1825,47.759610,1
policy_t1.0,1826,47.759610,1
policy_t1.0,1827,47.759610,1
policy_t1.0,1828,47.759610,1
policy_t1.0,1829,47.759610,1
policy_t1.0,1830,47.759610,1
policy_t1.0,1831,47.759610,1
policy_t1.0,1832,47.759610,1
policy_t1.0,1833,47.759610,1
policy_t1.0,1834,47.759610,1
policy_t1.0,1835,47.759610,1
policy_t1.0,1836,47.759610,1
policy_t1.0,1837,47.759610,1
policy_t1.0,1838,47.759610,1
policy_t1.0,1839,47.759610,1
policy_t1.0,1840,47.759610,1
policy_t1.0,1841,47.759610,1
policy_t1.0,1842,47.759610,1
policy_t1.0,1843,47.759610,1
policy_t1.0,1844,47.759610,1
policy_t1.0,1845,47.759610,1
policy_t1.0,1846,47.759610,1
policy_t1.0,1847,47.759610,1
policy_t1.0,1848,47.759610,1
policy_t1.0,1849,47.759610,1
policy_t1.0,1850,47.759610,1
policy_t1.0,1851,47.759610,1
policy_t1.0,1852,47.759610,1
policy_t1.0,1853,47.759610,1
policy_t1.0,1854,47.759610,1
policy_t1.0,1855,47.759610,1
policy_t1.0,1856,47.759610,1
policy_t1.0,1857,47.759610,1
policy_t1.0,1858,47.759610,1
policy_t1.0,1859,47.759610,1
policy_t1.0,1860,47.759610,1
policy_t1.0,1861,47.759610,1
policy_t1.0,1862,47.759610,1
policy_t1.0,1863,47.759610,1
policy_t1.0,1864,47.759610,1
policy_t1.0,1865,47.759610,1
policy_t1.0,1866,47.759610,1
policy_t1.0,1867,47.759610,1
policy_t1.0,1868,47.759610,1
policy_t1.0,1869,47.759610,1
policy_t1.0,1870,47.759610,1
policy_t1.0,1871,47.759610,1
policy_t1.0,1872,47.759610,1
policy_t1.0,1873,47.759610,1
policy_t1.0,1874,47.759610,1
policy_t1.0,1875,47.759610,1
policy_t1.0,1876,47.759610,1
policy_t1.0,1877,47.759610,1
policy_t1.0,1878,47.759610,1
policy_t1.0,1879,47.759610,1
policy_t1.0,1880,47.759610,1
policy_t1.0,1881,47.759610,1
policy_t1.0,1882,47.759610,1
policy_t1.0,1883,47.759610,1
policy_t1.0,1884,47.759610,1
policy_t1.0,1885,47.759610,1
policy_t1.0,1886,47.759610,1
policy_t1.0,1887,47.759610,1
policy_t1.0,1888,47.759610,1
policy_t1.0,1889,47.759610,1
policy_t1.0,1890,47.759610,1
policy_t1.0,1891,47.759610,1
policy_t1.0,1892,47.759610,1
policy_t1.0,1893,47.759610,1
policy_t1.0,1894,47.759610,1
policy_t1.0,1895,47.759610,1
policy_t1.0,1896,47.759610,1
policy_t1.0,1897,47.759610,1
policy_t1.0,1898,47.759610,1
policy_t1.0,1899,47.759610,1
policy_t1.0,1900,47.759610,1
policy_t1.0,1901,47.759610,1
policy_t1.0,1902,47.759610,1
policy_t1.0,1903,47.759610,1
policy_t1.0,1904,47.759610,1
policy_t1.0,1905,47.759610,1
policy_t1.0,1906,47.759610,1
policy_t1.0,1907,47.759610,1
policy_t1.0,1908,47.759610,1
policy_t1.0,1909,47.759610,1
policy_t1.0,1910,47.759610,1
policy_t1.0,1911,47.759610,1
policy_t1.0,1912,47.759610,1
policy_t1.0,1913,47.759610,1
policy_t1.0,1914,47.759610,1
policy_t1.0,1915,47.759610,1
policy_t1.0,1916,47.759610,1
policy_t1.0,1917,47.759610,1
policy_t1.0,1918,47.759610,1
policy_t1.0,1919,47.759610,1
policy_t1.0,1920,47.759610,1
policy_t1.0,1921,47.759610,1
policy_t1.0,1922,47.759610,1
policy_t1.0,1923,47.759610,1
policy_t1.0,1924,47.759610,1
policy_t1.0,1925,47.759610,1
policy_t1.0,1926,47.759610,1
policy_t1.0,1927,47.759610,1
policy_t1.0,1928,47.759610,1
policy_t1.0,1929,47.759610,1
policy_t1.0,1930,47.759610,1
policy_t1.0,1931,47.759610,1
policy_t1.0,1932,47.759610,1
policy_t1.0,1933,47.759610,1
policy_t1.0,1934,47.759610,1
policy_t1.0,1935,47.759610,1
policy_t1.0,1936,47.759610,1
policy_t1.0,1937,47.759610,1
policy_t1.0,1938,47.759610,1
policy_t1.0,1939,47.759610,1
policy_t1.0,1940,47.759610,1
policy_t1.0,1941,47.759610,1
policy_t1.0,1942,47.759610,1
policy_t1.0,1943,47.759610,1
policy_t1.0,1944,47.759610,1
policy_t1.0,1945,47.759610,1
policy_t1.0,1946,47.759610,1
policy_t1.0,1947,47.759610,1
policy_t1.0,1948,47.759610,1
policy_t1.0,1949,47.759610,1
policy_t1.0,1950,47.759610,1
policy_t1.0,1951,47.759610,1
policy_t1.0,1952,47.759610,1
policy_t1.0,1953,47.759610,1
policy_t1.0,1954,47.759610,1
policy_t1.0,1955,47.759610,1
policy_t1.0,1956,47.759610,1
policy_t1.0,1957,47.759610,1
policy_t1.0,1958,47.759610,1
policy_t1.0,1959,47.759610,1
policy_t1.0,1960,47.759610,1
policy_t1.0,1961,47.759610,1
policy_t1.0,1962,47.759610,1
policy_t1.0,1963,47.759610,1
policy_t1.0,1964,47.759610,1
policy_t1.0,1965,47.759610,1
policy_t1.0,1966,47.759610,1
policy_t1.0,1967,47.759610,1
policy_t1.0,1968,47.759610,1
policy_t1.0,1969,47.759610,1
policy_t1.0,1970,47.759610,1
policy_t1.0,1971,47.759610,1
policy_t1.0,1972,47.759610,1
policy_t1.0,1973,47.759610,1
policy_t1.0,1974,47.759610,1
policy_t1.0,1975,47.759610,1
policy_t1.0,1976,47.759610,1
policy_t1.0,1977,47.759610,1
policy_t1.0,1978,47.759610,1
policy_t1.0,1979,47.759610,1
policy_t1.0,1980,47.759610,1
policy_t1.0,1981,47.759610,1
policy_t1.0,1982,47.759610,1
policy_t1.0,1983,47.759610,1
policy_t1.0,1984,47.759610,1
policy_t1.0,1985,47.759610,1
policy_t1.0,1986,47.759610,1
policy_t1.0,1987,47.759610,1
policy_t1.0,1988,47.759610,1
policy_t1.0,1989,47.759610,1
policy_t1.0,1990,47.759610,1
policy_t1.0,1991,47.759610,1
policy_t1.0,1992,47.759610,1
policy_t1.0,1993,47.759610,1
policy_t1.0,1994,47.759610,1
policy_t1.0,1995,47.759610,1
policy_t1.0,1996,47.759610,1
policy_t1.0,1997,47.759610,1
policy_t1.0,1998,47.759610,1
policy_t1.0,1999,47.759610,1
policy_t1.6,0,47.759610,1
policy_t1.6,1,47.759610,1
policy_t1.6,2,-1.150515,0
policy_t1.6,3,47.759610,1
policy_t1.6,4,47.759610,1
policy_t1.6,5,47.759610,1
policy_t1.6,6,47.759610,1
policy_t1.6,7,47.759610,1
policy_t1.6,8,47.759610,1
policy_t1.6,9,47.759610,1
policy_t1.6,10,47.759610,1
policy_t1.6,11,47.759610,1
policy_t1.6,12,47.759610,1
policy_t1.6,13,47.759610,1
policy_t1.6,14,47.759610,1
policy_t1.6,15,47.759610,1
policy_t1.6,16,-0.047847,0
policy_t1.6,17,47.759610,1
policy_t1.6,18,47.759610,1
policy_t1.6,19,47.759610,1
policy_t1.6,20,47.759610,1
policy_t1.6,21,47.759610,1
policy_t1.6,22,47.759610,1
policy_t1.6,23,47.759610,1
policy_t1.6,24,47.759610,1
policy_t1.6,25,47.759610,1
policy_t1.6,26,47.759610,1
policy_t1.6,27,47.759610,1
policy_t1.6,28,47.759610,1
policy_t1.6,29,47.759610,1
policy_t1.6,30,47.759610,1
policy_t1.6,31,47.759610,1
policy_t1.6,32,47.759610,1
policy_t1.6,33,47.759610,1
policy_t1.6,34,47.759610,1
policy_t1.6,35,47.759610,1
policy_t1.6,36,47.759610,1
policy_t1.6,37,47.759610,1
policy_t1.6,38,47.759610,1
policy_t1.6,39,47.759610,1
policy_t1.6,40,47.759610,1
policy_t1.6,41,47.759610,1
policy_t1.6,42,47.759610,1
policy_t1.6,43,47.759610,1
policy_t1.6,44,47.759610,1
policy_t1.6,45,47.759610,1
policy_t1.6,46,47.759610,1
policy_t1.6,47,47.759610,1
policy_t1.6,48,47.759610,1
policy_t1.6,49,47.759610,1
policy_t1.6,50,47.759610,1
policy_t1.6,51,47.759610,1
policy_t1.6,52,47.759610,1
policy_t1.6,53,47.759610,1
policy_t1.6,54,47.759610,1
policy_t1.6,55,47.759610,1
policy_t1.6,56,-1.150515,0
policy_t1.6,57,47.759610,1
policy_t1.6,58,47.759610,1
policy_t1.6,59,47.759610,1
policy_t1.6,60,47.759610,1
policy_t1.6,61,47.759610,1
policy_t1.6,62,47.759610,1
policy_t1.6,63,47.759610,1
policy_t1.6,64,47.759610,1
policy_t1.6,65,47.759610,1
policy_t1.6,66,47.759610,1
policy_t1.6,67,47.759610,1
policy_t1.6,68,47.759610,1
policy_t1.6,69,47.759610,1
policy_t1.6,70,47.681589,1
policy_t1.6,71,47.759610,1
policy_t1.6,72,47.759610,1
policy_t1.6,73,47.759610,1
policy_t1.6,74,47.759610,1
policy_t1.6,75,47.759610,1
policy_t1.6,76,47.759610,1
policy_t1.6,77,47.759610,1
policy_t1.6,78,47.759610,1
policy_t1.6,79,47.759610,1
policy_t1.6,80,47.759610,1
policy_t1.6,81,47.759610,1
policy_t1.6,82,47.759610,1
policy_t1.6,83,47.759610,1
policy_t1.6,84,47.759610,1
policy_t1.6,85,47.759610,1
policy_t1.6,86,47.759610,1
policy_t1.6,87,47.759610,1
policy_t1.6,88,47.759610,1
policy_t1.6,89,47.759610,1
policy_t1.6,90,47.759610,1
policy_t1.6,91,47.759610,1
policy_t1.6,92,47.759610,1
policy_t1.6,93,47.759610,1
policy_t1.6,94,47.759610,1
policy_t1.6,95,47.759610,1
policy_t1.6,96,47.759610,1
policy_t1.6,97,47.759610,1
policy_t1.6,98,47.759610,1
policy_t1.6,99,47.759610,1
policy_t1.6,100,47.759610,1
policy_t1.6,101,47.759610,1
policy_t1.6,102,47.759610,1
policy_t1.6,103,-1.150515,0
policy_t1.6,104,47.759610,1
policy_t1.6,105,47.759610,1
policy_t1.6,106,47.759610,1
policy_t1.6,107,47.759610,1
policy_t1.6,108,47.759610,1
policy_t1.6,109,47.759610,1
policy_t1.6,110,47.759610,1
policy_t1.6,111,47.759610,1
policy_t1.6,112,-0.317455,0
policy_t1.6,113,47.759610,1
policy_t1.6,114,47.759610,1
policy_t1.6,115,47.759610,1
policy_t1.6,116,47.759610,1
policy_t1.6,117,47.759610,1
policy_t1.6,118,47.759610,1
policy_t1.6,119,47.759610,1
policy_t1.6,120,47.759610,1
policy_t1.6,121,47.759610,1
policy_t1.6,122,47.759610,1
policy_t1.6,123,47.759610,1
policy_t1.6,124,47.759610,1
policy_t1.6,125,47.747122,1
policy_t1.6,126,47.759610,1
policy_t1.6,127,47.759610,1
policy_t1.6,128,47.759610,1
policy_t1.6,129,47.759610,1
policy_t1.6,130,47.759610,1
policy_t1.6,131,-1.150515,0
policy_t1.6,132,47.759610,1
policy_t1.6,133,47.759610,1
policy_t1.6,134,47.759610,1
policy_t1.6,135,47.759610,1
policy_t1.6,136,47.759610,1
policy_t1.6,137,47.759610,1
policy_t1.6,138,47.759610,1
policy_t1.6,139,47.759610,1
policy_t1.6,140,47.759610,1
policy_t1.6,141,47.759610,1
policy_t1.6,142,47.759610,1
policy_t1.6,143,47.759610,1
policy_t1.6,144,47.759610,1
policy_t1.6,145,47.759610,1
policy_t1.6,146,47.759610,1
policy_t1.6,147,47.759610,1
policy_t1.6,148,47.759610,1
policy_t1.6,149,47.759610,1
policy_t1.6,150,47.759610,1
policy_t1.6,151,47.759610,1
policy_t1.6,152,47.759610,1
policy_t1.6,153,47.759610,1
policy_t1.6,154,-1.150515,0
policy_t1.6,155,47.759610,1
policy_t1.6,156,47.759610,1
policy_t1.6,157,-1.150515,0
policy_t1.6,158,47.457494,1
policy_t1.6,159,47.759610,1
policy_t1.6,160,47.759610,1
policy_t1.6,161,47.759610,1
policy_t1.6,162,47.759610,1
policy_t1.6,163,47.759610,1
policy_t1.6,164,47.759610,1
policy_t1.6,165,47.759610,1
policy_t1.6,166,47.759610,1
policy_t1.6,167,47.759610,1
policy_t1.6,168,47.759610,1
policy_t1.6,169,47.759610,1
policy_t1.6,170,47.759610,1
policy_t1.6,171,47.759610,1
policy_t1.6,172,47.759610,1
policy_t1.6,173,47.759610,1
policy_t1.6,174,-1.150515,0
policy_t1.6,175,47.759610,1
policy_t1.6,176,47.759610,1
policy_t1.6,177,47.759610,1
policy_t1.6,178,47.759610,1
policy_t1.6,179,47.759610,1
policy_t1.6,180,47.759610,1
policy_t1.6,181,47.759610,1
policy_t1.6,182,47.759610,1
policy_t1.6,183,47.759610,1
policy_t1.6,184,47.759610,1
policy_t1.6,185,47.759610,1
policy_t1.6,186,47.759610,1
policy_t1.6,187,47.759610,1
policy_t1.6,188,47.759610,1
policy_t1.6,189,47.759610,1
policy_t1.6,190,47.759610,1
policy_t1.6,191,47.759610,1
policy_t1.6,192,47.759610,1
policy_t1.6,193,47.759610,1
policy_t1.6,194,47.759610,1
policy_t1.6,195,47.759610,1
policy_t1.6,196,47.759610,1
policy_t1.6,197,47.759610,1
policy_t1.6,198,47.759610,1
policy_t1.6,199,47.759610,1
policy_t1.6,200,47.759610,1
policy_t1.6,201,-0.317455,0
policy_t1.6,202,47.759610,1
policy_t1.6,203,47.759610,1
policy_t1.6,204,47.759610,1
policy_t1.6,205,47.759610,1
policy_t1.6,206,47.759610,1
policy_t1.6,207,47.759610,1
policy_t1.6,208,47.759610,1
policy_t1.6,209,47.759610,1
policy_t1.6,210,47.759610,1
policy_t1.6,211,47.759610,1
policy_t1.6,212,47.759610,1
policy_t1.6,213,47.759610,1
policy_t1.6,214,47.759610,1
policy_t1.6,215,47.759610,1
policy_t1.6,216,47.759610,1
policy_t1.6,217,47.759610,1
policy_t1.6,218,47.759610,1
policy_t1.6,219,47.759610,1
policy_t1.6,220,47.759610,1
policy_t1.6,221,47.759610,1
policy_t1.6,222,47.759610,1
policy_t1.6,223,47.759610,1
policy_t1.6,224,47.759610,1
policy_t1.6,225,47.759610,1
policy_t1.6,226,-1.150515,0
policy_t1.6,227,47.759610,1
policy_t1.6,228,47.759610,1
policy_t1.6,229,47.759610,1
policy_t1.6,230,47.759610,1
policy_t1.6,231,47.759610,1
policy_t1.6,232,47.759610,1
policy_t1.6,233,47.759610,1
policy_t1.6,234,47.759610,1
policy_t1.6,235,47.759610,1
policy_t1.6,236,47.759610,1
policy_t1.6,237,47.759610,1
policy_t1.6,238,47.759610,1
policy_t1.6,239,47.759610,1
policy_t1.6,240,47.759610,1
policy_t1.6,241,47.759610,1
policy_t1.6,242,47.759610,1
policy_t1.6,243,47.759610,1
policy_t1.6,244,47.759610,1
policy_t1.6,245,47.759610,1
policy_t1.6,246,47.759610,1
policy_t1.6,247,47.759610,1
policy_t1.6,248,47.759610,1
policy_t1.6,249,47.759610,1
policy_t1.6,250,47.759610,1
policy_t1.6,251,47.759610,1
policy_t1.6,252,47.759610,1
policy_t1.6,253,47.759610,1
policy_t1.6,254,47.759610,1
policy_t1.6,255,47.759610,1
policy_t1.6,256,47.759610,1
policy_t1.6,257,47.759610,1
policy_t1.6,258,-1.150515,0
policy_t1.6,259,47.759610,1
policy_t1.6,260,47.759610,1
policy_t1.6,261,47.759610,1
policy_t1.6,262,47.759610,1
policy_t1.6,263,47.759610,1
policy_t1.6,264,47.759610,1
policy_t1.6,265,47.759610,1
policy_t1.6,266,47.759610,1
policy_t1.6,267,47.759610,1
policy_t1.6,268,47.759610,1
policy_t1.6,269,47.759610,1
policy_t1.6,270,47.759610,1
policy_t1.6,271,47.759610,1
policy_t1.6,272,47.759610,1
policy_t1.6,273,47.759610,1
policy_t1.6,274,47.759610,1
policy_t1.6,275,47.759610,1
policy_t1.6,276,47.759610,1
policy_t1.6,277,47.759610,1
policy_t1.6,278,47.759610,1
policy_t1.6,279,47.759610,1
policy_t1.6,280,47.759610,1
policy_t1.6,281,-1.356928,0
policy_t1.6,282,47.759610,1
policy_t1.6,283,47.759610,1
policy_t1.6,284,47.759610,1
policy_t1.6,285,47.759610,1
policy_t1.6,286,47.759610,1
policy_t1.6,287,47.759610,1
policy_t1.6,288,47.759610,1
policy_t1.6,289,47.759610,1
policy_t1.6,290,47.759610,1
policy_t1.6,291,47.759610,1
policy_t1.6,292,47.759610,1
policy_t1.6,293,47.759610,1
policy_t1.6,294,47.759610,1
policy_t1.6,295,47.759610,1
policy_t1.6,296,47.759610,1
policy_t1.6,297,47.759610,1
policy_t1.6,298,47.759610,1
policy_t1.6,299,-1.150515,0
policy_t1.6,300,47.759610,1
policy_t1.6,301,47.759610,1
policy_t1.6,302,47.759610,1
policy_t1.6,303,47.759610,1
policy_t1.6,304,-0.047847,0
policy_t1.6,305,47.759610,1
policy_t1.6,306,47.759610,1
policy_t1.6,307,47.759610,1
policy_t1.6,308,47.759610,1
policy_t1.6,309,47.759610,1
policy_t1.6,310,47.759610,1
policy_t1.6,311,47.759610,1
policy_t1.6,312,47.759610,1
policy_t1.6,313,47.759610,1
policy_t1.6,314,47.759610,1
policy_t1.6,315,47.759610,1
policy_t1.6,316,47.759610,1
policy_t1.6,317,-1.150515,0
policy_t1.6,318,47.759610,1
policy_t1.6,319,47.759610,1
policy_t1.6,320,47.759610,1
policy_t1.6,321,-1.150515,0
policy_t1.6,322,47.759610,1
policy_t1.6,323,47.759610,1
policy_t1.6,324,47.759610,1
policy_t1.6,325,47.759610,1
policy_t1.6,326,47.759610,1
policy_t1.6,327,47.759610,1
policy_t1.6,328,47.759610,1
policy_t1.6,329,47.759610,1
policy_t1.6,330,47.759610,1
policy_t1.6,331,47.759610,1
policy_t1.6,332,47.759610,1
policy_t1.6,333,47.759610,1
policy_t1.6,334,47.759610,1
policy_t1.6,335,47.759610,1
policy_t1.6,336,47.759610,1
policy_t1.6,337,47.759610,1
policy_t1.6,338,47.759610,1
policy_t1.6,339,47.759610,1
policy_t1.6,340,47.759610,1
policy_t1.6,341,47.759610,1
policy_t1.6,342,47.759610,1
policy_t1.6,343,47.759610,1
policy_t1.6,344,47.759610,1
policy_t1.6,345,47.759610,1
policy_t1.6,346,47.759610,1
policy_t1.6,347,47.759610,1
policy_t1.6,348,47.759610,1
policy_t1.6,349,47.759610,1
policy_t1.6,350,47.759610,1
policy_t1.6,351,47.759610,1
policy_t1.6,352,47.759610,1
policy_t1.6,353,47.759610,1
policy_t1.6,354,47.759610,1
policy_t1.6,355,47.759610,1
policy_t1.6,356,47.759610,1
policy_t1.6,357,47.759610,1
policy_t1.6,358,-1.150515,0
policy_t1.6,359,47.759610,1
policy_t1.6,360,47.759610,1
policy_t1.6,361,47.759610,1
policy_t1.6,362,-1.150515,0
policy_t1.6,363,47.759610,1
policy_t1.6,364,47.759610,1
policy_t1.6,365,47.759610,1
policy_t1.6,366,-1.150515,0
policy_t1.6,367,47.759610,1
policy_t1.6,368,47.759610,1
policy_t1.6,369,47.761335,1
policy_t1.6,370,47.759610,1
policy_t1.6,371,47.759610,1
policy_t1.6,372,47.759610,1
policy_t1.6,373,47.759610,1
policy_t1.6,374,47.759610,1
policy_t1.6,375,47.759610,1
policy_t1.6,376,47.759610,1
policy_t1.6,377,47.759610,1
policy_t1.6,378,47.759610,1
policy_t1.6,379,47.759610,1
policy_t1.6,380,47.759610,1
policy_t1.6,381,47.759610,1
policy_t1.6,382,47.759610,1
policy_t1.6,383,47.759610,1
policy_t1.6,384,47.759610,1
policy_t1.6,385,47.759610,1
policy_t1.6,386,47.759610,1
policy_t1.6,387,47.759610,1
policy_t1.6,388,47.759610,1
policy_t1.6,389,47.759610,1
policy_t1.6,390,47.759610,1
policy_t1.6,391,47.759610,1
policy_t1.6,392,47.759610,1
policy_t1.6,393,47.759610,1
policy_t1.6,394,47.759610,1
policy_t1.6,395,47.759610,1
policy_t1.6,396,47.759610,1
policy_t1.6,397,47.759610,1
policy_t1.6,398,47.759610,1
policy_t1.6,399,47.759610,1
policy_t1.6,400,47.759610,1
policy_t1.6,401,47.759610,1
policy_t1.6,402,47.759610,1
policy_t1.6,403,47.759610,1
policy_t1.6,404,47.759610,1
policy_t1.6,405,-0.523026,0
policy_t1.6,406,47.759610,1
policy_t1.6,407,47.759610,1
policy_t1.6,408,47.759610,1
policy_t1.6,409,47.759610,1
policy_t1.6,410,47.759610,1
policy_t1.6,411,47.759610,1
policy_t1.6,412,47.759610,1
policy_t1.6,413,47.759610,1
policy_t1.6,414,47.759610,1
policy_t1.6,415,47.759610,1
policy_t1.6,416,47.759610,1
policy_t1.6,417,47.759610,1
policy_t1.6,418,47.759610,1
policy_t1.6,419,47.759610,1
policy_t1.6,420,47.759610,1
policy_t1.6,421,47.759610,1
policy_t1.6,422,47.759610,1
policy_t1.6,423,47.759610,1
policy_t1.6,424,47.759610,1
policy_t1.6,425,47.759610,1
policy_t1.6,426,47.759610,1
policy_t1.6,427,47.759610,1
policy_t1.6,428,47.759610,1
policy_t1.6,429,47.759610,1
policy_t1.6,430,47.759610,1
policy_t1.6,431,47.759610,1
policy_t1.6,432,47.759610,1
policy_t1.6,433,47.759610,1
policy_t1.6,434,47.759610,1
policy_t1.6,435,47.759610,1
policy_t1.6,436,47.759610,1
policy_t1.6,437,47.759610,1
policy_t1.6,438,47.759610,1
policy_t1.6,439,47.759610,1
policy_t1.6,440,47.759610,1
policy_t1.6,441,47.759610,1
policy_t1.6,442,47.759610,1
policy_t1.6,443,47.759610,1
policy_t1.6,444,47.759610,1
policy_t1.6,445,47.759610,1
policy_t1.6,446,47.759610,1
policy_t1.6,447,47.759610,1
policy_t1.6,448,47.759610,1
policy_t1.6,449,47.759610,1
policy_t1.6,450,47.759610,1
policy_t1.6,451,47.759610,1
policy_t1.6,452,47.759610,1
policy_t1.6,453,47.759610,1
policy_t1.6,454,47.759610,1
policy_t1.6,455,47.759610,1
policy_t1.6,456,47.759610,1
policy_t1.6,457,47.759610,1
policy_t1.6,458,47.759610,1
policy_t1.6,459,47.759610,1
policy_t1.6,460,47.759610,1
policy_t1.6,461,47.759610,1
policy_t1.6,462,47.759610,1
policy_t1.6,463,47.759610,1
policy_t1.6,464,47.759610,1
policy_t1.6,465,47.759610,1
policy_t1.6,466,47.759610,1
policy_t1.6,467,47.759610,1
policy_t1.6,468,47.759610,1
policy_t1.6,469,47.759610,1
policy_t1.6,470,47.759610,1
policy_t1.6,471,47.759610,1
policy_t1.6,472,47.759610,1
policy_t1.6,473,47.759610,1
policy_t1.6,474,47.759610,1
policy_t1.6,475,47.759610,1
policy_t1.6,476,47.759610,1
policy_t1.6,477,47.759610,1
policy_t1.6,478,47.759610,1
policy_t1.6,479,47.759610,1
policy_t1.6,480,47.759610,1
policy_t1.6,481,47.759610,1
policy_t1.6,482,47.759610,1
policy_t1.6,483,47.759610,1
policy_t1.6,484,47.759610,1
policy_t1.6,485,47.759610,1
policy_t1.6,486,47.759610,1
policy_t1.6,487,47.759610,1
policy_t1.6,488,47.759610,1
policy_t1.6,489,47.759610,1
policy_t1.6,490,47.759610,1
policy_t1.6,491,47.759610,1
policy_t1.6,492,47.759610,1
policy_t1.6,493,47.759610,1
policy_t1.6,494,47.759610,1
policy_t1.6,495,47.759610,1
policy_t1.6,496,47.759610,1
policy_t1.6,497,47.759610,1
policy_t1.6,498,47.759610,1
policy_t1.6,499,47.759610,1
policy_t1.6,500,47.759610,1
policy_t1.6,501,47.759610,1
policy_t1.6,502,47.759610,1
policy_t1.6,503,47.759610,1
policy_t1.6,504,47.759610,1
policy_t1.6,505,47.759610,1
policy_t1.6,506,47.759610,1
policy_t1.6,507,47.759610,1
policy_t1.6,508,47.759610,1
policy_t1.6,509,47.759610,1
policy_t1.6,510,47.759610,1
policy_t1.6,511,47.759610,1
policy_t1.6,512,47.759610,1
policy_t1.6,513,47.759610,1
policy_t1.6,514,47.759610,1
policy_t1.6,515,47.759610,1
policy_t1.6,516,47.759610,1
policy_t1.6,517,47.759610,1
policy_t1.6,518,47.759610,1
policy_t1.6,519,47.759610,1
policy_t1.6,520,47.759610,1
policy_t1.6,521,47.759610,1
policy_t1.6,522,47.759610,1
policy_t1.6,523,47.759610,1
policy_t1.6,524,47.759610,1
policy_t1.6,525,47.759610,1
policy_t1.6,526,47.759610,1
policy_t1.6,527,47.759610,1
policy_t1.6,528,47.759610,1
policy_t1.6,529,47.759610,1
policy_t1.6,530,-1.150515,0
policy_t1.6,531,47.759610,1
policy_t1.6,532,47.759610,1
policy_t1.6,533,47.759610,1
policy_t1.6,534,47.759610,1
policy_t1.6,535,47.759610,1
policy_t1.6,536,47.759610,1
policy_t1.6,537,47.759610,1
policy_t1.6,538,47.759610,1
policy_t1.6,539,47.759610,1
policy_t1.6,540,-1.150515,0
policy_t1.6,541,47.759610,1
policy_t1.6,542,47.759610,1
policy_t1.6,543,47.759610,1
policy_t1.6,544,47.759610,1
policy_t1.6,545,47.759610,1
policy_t1.6,546,47.759610,1
policy_t1.6,547,47.759610,1
policy_t1.6,548,47.759610,1
policy_t1.6,549,47.759610,1
policy_t1.6,550,47.759610,1
policy_t1.6,551,47.759610,1
policy_t1.6,552,47.759610,1
policy_t1.6,553,47.759610,1
policy_t1.6,554,47.759610,1
policy_t1.6,555,47.759610,1
policy_t1.6,556,47.759610,1
policy_t1.6,557,47.759610,1
policy_t1.6,558,47.759610,1
policy_t1.6,559,47.759610,1
policy_t1.6,560,47.759610,1
policy_t1.6,561,47.759610,1
policy_t1.6,562,47.759610,1
policy_t1.6,563,47.759610,1
policy_t1.6,564,47.759610,1
policy_t1.6,565,47.759610,1
policy_t1.6,566,47.759610,1
policy_t1.6,567,47.759610,1
policy_t1.6,568,47.759610,1
policy_t1.6,569,47.759610,1
policy_t1.6,570,47.759610,1
policy_t1.6,571,47.759610,1
policy_t1.6,572,47.759610,1
policy_t1.6,573,47.759610,1
policy_t1.6,574,47.759610,1
policy_t1.6,575,47.759610,1
policy_t1.6,576,47.759610,1
policy_t1.6,577,47.759610,1
policy_t1.6,578,47.759610,1
policy_t1.6,579,47.759610,1
policy_t1.6,580,47.759610,1
policy_t1.6,581,47.759610,1
policy_t1.6,582,47.759610,1
policy_t1.6,583,47.759610,1
policy_t1.6,584,47.759610,1
policy_t1.6,585,47.759610,1
policy_t1.6,586,47.759610,1
policy_t1.6,587,47.759610,1
policy_t1.6,588,47.759610,1
policy_t1.6,589,47.759610,1
policy_t1.6,590,47.759610,1
policy_t1.6,591,47.759610,1
policy_t1.6,592,47.759610,1
policy_t1.6,593,47.759610,1
policy_t1.6,594,47.760260,1
policy_t1.6,595,47.759610,1
policy_t1.6,596,47.759610,1
policy_t1.6,597,47.759610,1
policy_t1.6,598,47.759610,1
policy_t1.6,599,47.759610,1
policy_t1.6,600,47.759610,1
policy_t1.6,601,47.759610,1
policy_t1.6,602,47.759610,1
policy_t1.6,603,47.759610,1
policy_t1.6,604,47.759610,1
policy_t1.6,605,47.759610,1
policy_t1.6,606,47.759610,1
policy_t1.6,607,47.759610,1
policy_t1.6,608,47.759610,1
policy_t1.6,609,47.759610,1
policy_t1.6,610,47.759610,1
policy_t1.6,611,47.759610,1
policy_t1.6,612,47.759610,1
policy_t1.6,613,47.759610,1
policy_t1.6,614,47.759610,1
policy_t1.6,615,47.759610,1
policy_t1.6,616,47.759610,1
policy_t1.6,617,47.759610,1
policy_t1.6,618,47.759610,1
policy_t1.6,619,47.759610,1
policy_t1.6,620,47.759610,1
policy_t1.6,621,47.759610,1
policy_t1.6,622,47.759610,1
policy_t1.6,623,-1.150515,0
policy_t1.6,624,47.759610,1
policy_t1.6,625,47.759610,1
policy_t1.6,626,47.759610,1
policy_t1.6,627,47.759610,1
policy_t1.6,628,47.759610,1
policy_t1.6,629,47.759610,1
policy_t1.6,630,47.759610,1
policy_t1.6,631,47.759610,1
policy_t1.6,632,-0.047847,0
policy_t1.6,633,47.759610,1
policy_t1.6,634,47.759610,1
policy_t1.6,635,47.759610,1
policy_t1.6,636,47.759610,1
policy_t1.6,637,47.759610,1
policy_t1.6,638,47.759610,1
policy_t1.6,639,47.759610,1
policy_t1.6,640,47.759610,1
policy_t1.6,641,47.759610,1
policy_t1.6,642,47.759610,1
policy_t1.6,643,47.759610,1
policy_t1.6,644,47.759610,1
policy_t1.6,645,47.759610,1
policy_t1.6,646,47.759610,1
policy_t1.6,647,47.759610,1
policy_t1.6,648,47.759610,1
policy_t1.6,649,47.759610,1
policy_t1.6,650,47.759610,1
policy_t1.6,651,47.747122,1
policy_t1.6,652,47.759610,1
policy_t1.6,653,47.759610,1
policy_t1.6,654,47.759610,1
policy_t1.6,655,47.759610,1
policy_t1.6,656,47.759610,1
policy_t1.6,657,47.759610,1
policy_t1.6,658,47.759610,1
policy_t1.6,659,47.759610,1
policy_t1.6,660,47.759610,1
policy_t1.6,661,47.759610,1
policy_t1.6,662,47.759610,1
policy_t1.6,663,47.759610,1
policy_t1.6,664,47.759610,1
policy_t1.6,665,47.759610,1
policy_t1.6,666,47.759610,1
policy_t1.6,667,47.759610,1
policy_t1.6,668,47.759610,1
policy_t1.6,669,47.759610,1
policy_t1.6,670,47.759610,1
policy_t1.6,671,47.759610,1
policy_t1.6,672,47.759610,1
policy_t1.6,673,47.759610,1
policy_t1.6,674,47.759610,1
policy_t1.6,675,-0.317455,0
policy_t1.6,676,47.652641,1
policy_t1.6,677,47.759610,1
policy_t1.6,678,47.759610,1
policy_t1.6,679,47.759610,1
policy_t1.6,680,47.759610,1
policy_t1.6,681,47.759610,1
policy_t1.6,682,47.759610,1
policy_t1.6,683,-0.047847,0
policy_t1.6,684,47.759610,1
policy_t1.6,685,47.759610,1
policy_t1.6,686,47.759610,1
policy_t1.6,687,47.759610,1
policy_t1.6,688,47.591728,1
policy_t1.6,689,47.759610,1
policy_t1.6,690,47.759610,1
policy_t1.6,691,47.759610,1
policy_t1.6,692,47.759610,1
policy_t1.6,693,47.759610,1
policy_t1.6,694,47.759610,1
policy_t1.6,695,47.759610,1
policy_t1.6,696,47.759610,1
policy_t1.6,697,47.759610,1
policy_t1.6,698,47.759610,1
policy_t1.6,699,-1.150515,0
policy_t1.6,700,47.759610,1
policy_t1.6,701,47.759610,1
policy_t1.6,702,47.759610,1
policy_t1.6,703,47.759610,1
policy_t1.6,704,47.759610,1
policy_t1.6,705,47.759610,1
policy_t1.6,706,47.759610,1
policy_t1.6,707,47.759610,1
policy_t1.6,708,47.759610,1
policy_t1.6,709,47.759610,1
policy_t1.6,710,-1.150515,0
policy_t1.6,711,47.759610,1
policy_t1.6,712,47.759610,1
policy_t1.6,713,47.759610,1
policy_t1.6,714,47.759610,1
policy_t1.6,715,47.759610,1
policy_t1.6,716,47.759610,1
policy_t1.6,717,47.759610,1
policy_t1.6,718,47.759610,1
policy_t1.6,719,47.759610,1
policy_t1.6,720,47.759610,1
policy_t1.6,721,47.759610,1
policy_t1.6,722,47.759610,1
policy_t1.6,723,47.759610,1
policy_t1.6,724,47.759610,1
policy_t1.6,725,47.759610,1
policy_t1.6,726,47.759610,1
policy_t1.6,727,47.759610,1
policy_t1.6,728,47.759610,1
policy_t1.6,729,47.759610,1
policy_t1.6,730,47.759610,1
policy_t1.6,731,47.759610,1
policy_t1.6,732,47.759610,1
policy_t1.6,733,47.759610,1
policy_t1.6,734,47.759610,1
policy_t1.6,735,47.759610,1
policy_t1.6,736,47.759610,1
policy_t1.6,737,47.759610,1
policy_t1.6,738,47.759610,1
policy_t1.6,739,47.759610,1
policy_t1.6,740,47.759610,1
policy_t1.6,741,47.759610,1
policy_t1.6,742,47.759610,1
policy_t1.6,743,47.759610,1
policy_t1.6,744,47.759610,1
policy_t1.6,745,47.759610,1
policy_t1.6,746,47.759610,1
policy_t1.6,747,47.759610,1
policy_t1.6,748,47.759610,1
policy_t1.6,749,47.759610,1
policy_t1.6,750,47.759610,1
policy_t1.6,751,47.759610,1
policy_t1.6,752,47.759610,1
policy_t1.6,753,47.759610,1
policy_t1.6,754,47.759610,1
policy_t1.6,755,47.759610,1
policy_t1.6,756,47.759610,1
policy_t1.6,757,47.759610,1
policy_t1.6,758,-1.150515,0
policy_t1.6,759,47.759610,1
policy_t1.6,760,47.759610,1
policy_t1.6,761,47.759610,1
policy_t1.6,762,47.759610,1
policy_t1.6,763,47.759610,1
policy_t1.6,764,47.759610,1
policy_t1.6,765,47.759610,1
policy_t1.6,766,47.759610,1
policy_t1.6,767,47.759610,1
policy_t1.6,768,47.759610,1
policy_t1.6,769,47.759610,1
policy_t1.6,770,47.759610,1
policy_t1.6,771,47.759610,1
policy_t1.6,772,47.759610,1
policy_t1.6,773,47.759610,1
policy_t1.6,774,47.759610,1
policy_t1.6,775,47.759610,1
policy_t1.6,776,47.734991,1
policy_t1.6,777,47.759610,1
policy_t1.6,778,47.759610,1
policy_t1.6,779,47.759610,1
policy_t1.6,780,47.759610,1
policy_t1.6,781,47.759610,1
policy_t1.6,782,47.759610,1
policy_t1.6,783,47.759610,1
policy_t1.6,784,47.759610,1
policy_t1.6,785,47.759610,1
policy_t1.6,786,47.759610,1
policy_t1.6,787,47.759610,1
policy_t1.6,788,47.759610,1
policy_t1.6,789,47.759610,1
policy_t1.6,790,47.759610,1
policy_t1.6,791,47.759610,1
policy_t1.6,792,47.759610,1
policy_t1.6,793,47.759610,1
policy_t1.6,794,47.759610,1
policy_t1.6,795,47.759610,1
policy_t1.6,796,47.759610,1
policy_t1.6,797,47.759610,1
policy_t1.6,798,47.759610,1
policy_t1.6,799,47.759610,1
policy_t1.6,800,47.759610,1
policy_t1.6,801,47.759610,1
policy_t1.6,802,47.759610,1
policy_t1.6,803,47.759610,1
policy_t1.6,804,47.759610,1
policy_t1.6,805,47.759610,1
policy_t1.6,806,47.759610,1
policy_t1.6,807,47.759610,1
policy_t1.6,808,47.759610,1
policy_t1.6,809,47.759610,1
policy_t1.6,810,47.759610,1
policy_t1.6,811,47.759610,1
policy_t1.6,812,47.759610,1
policy_t1.6,813,47.759610,1
policy_t1.6,814,47.759610,1
policy_t1.6,815,47.759610,1
policy_t1.6,816,47.759610,1
policy_t1.6,817,47.759610,1
policy_t1.6,818,47.759610,1
policy_t1.6,819,47.759610,1
policy_t1.6,820,47.759610,1
policy_t1.6,821,47.759610,1
policy_t1.6,822,47.759610,1
policy_t1.6,823,47.759610,1
policy_t1.6,824,47.759610,1
policy_t1.6,825,47.759610,1
policy_t1.6,826,47.759610,1
policy_t1.6,827,47.759610,1
policy_t1.6,828,47.759610,1
policy_t1.6,829,47.759610,1
policy_t1.6,830,47.759610,1
policy_t1.6,831,47.759610,1
policy_t1.6,832,47.759610,1
policy_t1.6,833,47.759610,1
policy_t1.6,834,47.759610,1
policy_t1.6,835,47.759610,1
policy_t1.6,836,47.759610,1
policy_t1.6,837,47.759610,1
policy_t1.6,838,47.759610,1
policy_t1.6,839,47.759610,1
policy_t1.6,840,47.759610,1
policy_t1.6,841,47.759610,1
policy_t1.6,842,47.759610,1
policy_t1.6,843,47.759610,1
policy_t1.6,844,47.759610,1
policy_t1.6,845,47.759610,1
policy_t1.6,846,47.759610,1
policy_t1.6,847,47.759610,1
policy_t1.6,848,47.759610,1
policy_t1.6,849,47.759610,1
policy_t1.6,850,47.759610,1
policy_t1.6,851,47.759610,1
policy_t1.6,852,47.759610,1
policy_t1.6,853,47.759610,1
policy_t1.6,854,47.759610,1
policy_t1.6,855,47.759610,1
policy_t1.6,856,47.759610,1
policy_t1.6,857,-0.047847,0
policy_t1.6,858,47.759610,1
policy_t1.6,859,47.759610,1
policy_t1.6,860,47.759610,1
policy_t1.6,861,47.759610,1
policy_t1.6,862,47.759610,1
policy_t1.6,863,47.759610,1
policy_t1.6,864,47.759610,1
policy_t1.6,865,47.759610,1
policy_t1.6,866,47.759610,1
policy_t1.6,867,-0.165825,0
policy_t1.6,868,47.759610,1
policy_t1.6,869,47.759610,1
policy_t1.6,870,47.759610,1
policy_t1.6,871,47.759610,1
policy_t1.6,872,47.759610,1
policy_t1.6,873,47.759610,1
policy_t1.6,874,47.759610,1
policy_t1.6,875,47.759610,1
policy_t1.6,876,47.759610,1
policy_t1.6,877,47.759610,1
policy_t1.6,878,47.759610,1
policy_t1.6,879,47.759610,1
policy_t1.6,880,47.759610,1
policy_t1.6,881,47.759610,1
policy_t1.6,882,47.759610,1
policy_t1.6,883,47.759610,1
policy_t1.6,884,-1.692293,0
policy_t1.6,885,47.759610,1
policy_t1.6,886,47.759610,1
policy_t1.6,887,47.759610,1
policy_t1.6,888,47.759610,1
policy_t1.6,889,47.759610,1
policy_t1.6,890,47.759610,1
policy_t1.6,891,47.759610,1
policy_t1.6,892,47.759610,1
policy_t1.6,893,47.759610,1
policy_t1.6,894,-1.150515,0
policy_t1.6,895,47.759610,1
policy_t1.6,896,47.759610,1
policy_t1.6,897,47.759610,1
policy_t1.6,898,47.759610,1
policy_t1.6,899,47.759610,1
policy_t1.6,900,47.759610,1
policy_t1.6,901,47.759610,1
policy_t1.6,902,47.759610,1
policy_t1.6,903,47.759610,1
policy_t1.6,904,47.759610,1
policy_t1.6,905,47.759610,1
policy_t1.6,906,47.759610,1
policy_t1.6,907,47.759610,1
policy_t1.6,908,47.759610,1
policy_t1.6,909,47.759610,1
policy_t1.6,910,47.759610,1
policy_t1.6,911,47.759610,1
policy_t1.6,912,47.759610,1
policy_t1.6,913,47.759610,1
policy_t1.6,914,47.759610,1
policy_t1.6,915,47.759610,1
policy_t1.6,916,47.759610,1
policy_t1.6,917,47.759610,1
policy_t1.6,918,47.759610,1
policy_t1.6,919,47.759610,1
policy_t1.6,920,47.759610,1
policy_t1.6,921,47.759610,1
policy_t1.6,922,47.759610,1
policy_t1.6,923,47.759610,1
policy_t1.6,924,47.759610,1
policy_t1.6,925,47.759610,1
policy_t1.6,926,47.759610,1
policy_t1.6,927,47.759610,1
policy_t1.6,928,47.759610,1
policy_t1.6,929,47.759610,1
policy_t1.6,930,47.759610,1
policy_t1.6,931,47.759610,1
policy_t1.6,932,47.759610,1
policy_t1.6,933,47.759610,1
policy_t1.6,934,47.759610,1
policy_t1.6,935,47.759610,1
policy_t1.6,936,47.759610,1
policy_t1.6,937,47.759610,1
policy_t1.6,938,47.759610,1
policy_t1.6,939,47.759610,1
policy_t1.6,940,47.759610,1
policy_t1.6,941,47.759610,1
policy_t1.6,942,47.759610,1
policy_t1.6,943,47.759610,1
policy_t1.6,944,47.759610,1
policy_t1.6,945,47.759610,1
policy_t1.6,946,47.759610,1
policy_t1.6,947,47.759610,1
policy_t1.6,948,47.759610,1
policy_t1.6,949,47.759610,1
policy_t1.6,950,47.759610,1
policy_t1.6,951,47.759610,1
policy_t1.6,952,47.759610,1
policy_t1.6,953,47.759610,1
policy_t1.6,954,47.759610,1
policy_t1.6,955,47.759610,1
policy_t1.6,956,47.759610,1
policy_t1.6,957,47.759610,1
policy_t1.6,958,47.759610,1
policy_t1.6,959,47.759610,1
policy_t1.6,960,47.759610,1
policy_t1.6,961,47.759610,1
policy_t1.6,962,47.759610,1
policy_t1.6,963,47.759610,1
policy_t1.6,964,47.759610,1
policy_t1.6,965,47.759610,1
policy_t1.6,966,-1.150515,0
policy_t1.6,967,47.759610,1
policy_t1.6,968,47.759610,1
policy_t1.6,969,47.759610,1
policy_t1.6,970,47.759610,1
policy_t1.6,971,47.759610,1
policy_t1.6,972,47.759610,1
policy_t1.6,973,47.759610,1
policy_t1.6,974,47.759610,1
policy_t1.6,975,47.759610,1
policy_t1.6,976,47.759610,1
policy_t1.6,977,47.759610,1
policy_t1.6,978,47.759610,1
policy_t1.6,979,47.759610,1
policy_t1.6,980,47.759610,1
policy_t1.6,981,47.759610,1
policy_t1.6,982,47.759610,1
policy_t1.6,983,47.759610,1
policy_t1.6,984,47.759610,1
policy_t1.6,985,47.759610,1
policy_t1.6,986,47.759610,1
policy_t1.6,987,47.759610,1
policy_t1.6,988,47.759610,1
policy_t1.6,989,47.759610,1
policy_t1.6,990,47.759610,1
policy_t1.6,991,47.759610,1
policy_t1.6,992,47.759610,1
policy_t1.6,993,47.759610,1
policy_t1.6,994,-1.150515,0
policy_t1.6,995,47.759610,1
policy_t1.6,996,47.759610,1
policy_t1.6,997,47.759610,1
policy_t1.6,998,47.759610,1
policy_t1.6,999,47.759610,1
policy_t1.6,1000,47.759610,1
policy_t1.6,1001,47.759610,1
policy_t1.6,1002,47.759610,1
policy_t1.6,1003,47.759610,1
policy_t1.6,1004,47.759610,1
policy_t1.6,1005,47.759610,1
policy_t1.6,1006,47.759610,1
policy_t1.6,1007,47.759610,1
policy_t1.6,1008,47.759610,1
policy_t1.6,1009,47.759610,1
policy_t1.6,1010,47.759610,1
policy_t1.6,1011,47.759610,1
policy_t1.6,1012,47.759610,1
policy_t1.6,1013,47.759610,1
policy_t1.6,1014,47.759610,1
policy_t1.6,1015,47.759610,1
policy_t1.6,1016,47.759610,1
policy_t1.6,1017,47.759610,1
policy_t1.6,1018,47.759610,1
policy_t1.6,1019,47.759610,1
policy_t1.6,1020,47.759610,1
policy_t1.6,1021,47.759610,1
policy_t1.6,1022,47.759610,1
policy_t1.6,1023,47.759610,1
policy_t1.6,1024,47.759610,1
policy_t1.6,1025,47.759610,1
policy_t1.6,1026,47.759610,1
policy_t1.6,1027,47.759610,1
policy_t1.6,1028,47.759610,1
policy_t1.6,1029,47.759610,1
policy_t1.6,1030,47.759610,1
policy_t1.6,1031,47.759610,1
policy_t1.6,1032,47.759610,1
policy_t1.6,1033,47.759610,1
policy_t1.6,1034,47.759610,1
policy_t1.6,1035,47.759610,1
policy_t1.6,1036,47.759610,1
policy_t1.6,1037,47.759610,1
policy_t1.6,1038,47.759610,1
policy_t1.6,1039,47.759610,1
policy_t1.6,1040,47.759610,1
policy_t1.6,1041,47.759610,1
policy_t1.6,1042,47.759610,1
policy_t1.6,1043,47.759610,1
policy_t1.6,1044,47.759610,1
policy_t1.6,1045,47.759610,1
policy_t1.6,1046,47.759610,1
policy_t1.6,1047,47.759610,1
policy_t1.6,1048,47.759610,1
policy_t1.6,1049,47.759610,1
policy_t1.6,1050,47.759610,1
policy_t1.6,1051,47.759610,1
policy_t1.6,1052,47.759610,1
policy_t1.6,1053,47.759610,1
policy_t1.6,1054,47.759610,1
policy_t1.6,1055,47.759610,1
policy_t1.6,1056,47.759610,1
policy_t1.6,1057,47.759610,1
policy_t1.6,1058,47.759610,1
policy_t1.6,1059,47.759610,1
policy_t1.6,1060,47.759610,1
policy_t1.6,1061,47.759610,1
policy_t1.6,1062,47.759610,1
policy_t1.6,1063,47.759610,1
policy_t1.6,1064,47.759610,1
policy_t1.6,1065,47.759610,1
policy_t1.6,1066,47.759610,1
policy_t1.6,1067,47.759610,1
policy_t1.6,1068,47.759610,1
policy_t1.6,1069,47.759610,1
policy_t1.6,1070,47.759610,1
policy_t1.6,1071,47.759610,1
policy_t1.6,1072,47.759610,1
policy_t1.6,1073,47.759610,1
policy_t1.6,1074,-1.150515,0
policy_t1.6,1075,47.759610,1
policy_t1.6,1076,47.759610,1
policy_t1.6,1077,47.759610,1
policy_t1.6,1078,47.759610,1
policy_t1.6,1079,47.759610,1
policy_t1.6,1080,47.759610,1
policy_t1.6,1081,47.759610,1
policy_t1.6,1082,47.759610,1
policy_t1.6,1083,47.759610,1
policy_t1.6,1084,47.759610,1
policy_t1.6,1085,47.759610,1
policy_t1.6,1086,47.759610,1
policy_t1.6,1087,47.759610,1
policy_t1.6,1088,47.759610,1
policy_t1.6,1089,47.759610,1
policy_t1.6,1090,47.759610,1
policy_t1.6,1091,47.759610,1
policy_t1.6,1092,47.759610,1
policy_t1.6,1093,47.759610,1
policy_t1.6,1094,47.759610,1
policy_t1.6,1095,47.759610,1
policy_t1.6,1096,47.759610,1
policy_t1.6,1097,47.759610,1
policy_t1.6,1098,47.759610,1
policy_t1.6,1099,47.759610,1
policy_t1.6,1100,47.759610,1
policy_t1.6,1101,47.759610,1
policy_t1.6,1102,47.759610,1
policy_t1.6,1103,47.759610,1
policy_t1.6,1104,47.753065,1
policy_t1.6,1105,47.759610,1
policy_t1.6,1106,47.759610,1
policy_t1.6,1107,47.759610,1
policy_t1.6,1108,47.759610,1
policy_t1.6,1109,47.759610,1
policy_t1.6,1110,47.759610,1
policy_t1.6,1111,47.759610,1
policy_t1.6,1112,47.759610,1
policy_t1.6,1113,47.759610,1
policy_t1.6,1114,47.759610,1
policy_t1.6,1115,47.759610,1
policy_t1.6,1116,47.759610,1
policy_t1.6,1117,47.759610,1
policy_t1.6,1118,47.759610,1
policy_t1.6,1119,47.759610,1
policy_t1.6,1120,47.759610,1
policy_t1.6,1121,47.759610,1
policy_t1.6,1122,47.759610,1
policy_t1.6,1123,47.759610,1
policy_t1.6,1124,47.759610,1
policy_t1.6,1125,47.759610,1
policy_t1.6,1126,47.759610,1
policy_t1.6,1127,47.759610,1
policy_t1.6,1128,47.759610,1
policy_t1.6,1129,47.759610,1
policy_t1.6,1130,47.759610,1
policy_t1.6,1131,47.759610,1
policy_t1.6,1132,-0.210979,0
policy_t1.6,1133,47.759610,1
policy_t1.6,1134,47.759610,1
policy_t1.6,1135,47.759610,1
policy_t1.6,1136,47.759610,1
policy_t1.6,1137,47.759610,1
policy_t1.6,1138,47.759610,1
policy_t1.6,1139,47.759610,1
policy_t1.6,1140,47.759610,1
policy_t1.6,1141,47.759610,1
policy_t1.6,1142,47.759610,1
policy_t1.6,1143,47.759610,1
policy_t1.6,1144,47.759610,1
policy_t1.6,1145,47.759610,1
policy_t1.6,1146,47.759610,1
policy_t1.6,1147,47.759610,1
policy_t1.6,1148,47.759610,1
policy_t1.6,1149,47.759610,1
policy_t1.6,1150,47.759610,1
policy_t1.6,1151,47.759610,1
policy_t1.6,1152,47.759610,1
policy_t1.6,1153,47.759610,1
policy_t1.6,1154,47.759610,1
policy_t1.6,1155,47.759610,1
policy_t1.6,1156,-1.150515,0
policy_t1.6,1157,47.759610,1
policy_t1.6,1158,47.759610,1
policy_t1.6,1159,47.759610,1
policy_t1.6,1160,-1.150515,0
policy_t1.6,1161,47.759610,1
policy_t1.6,1162,47.759610,1
policy_t1.6,1163,47.759610,1
policy_t1.6,1164,47.759610,1
policy_t1.6,1165,47.759610,1
policy_t1.6,1166,47.759610,1
policy_t1.6,1167,47.759610,1
policy_t1.6,1168,47.759610,1
policy_t1.6,1169,47.759610,1
policy_t1.6,1170,47.759610,1
policy_t1.6,1171,47.759610,1
policy_t1.6,1172,47.759610,1
policy_t1.6,1173,47.759610,1
policy_t1.6,1174,47.759610,1
policy_t1.6,1175,47.759610,1
policy_t1.6,1176,47.759610,1
policy_t1.6,1177,47.759610,1
policy_t1.6,1178,47.759610,1
policy_t1.6,1179,47.759610,1
policy_t1.6,1180,47.759610,1
policy_t1.6,1181,47.759610,1
policy_t1.6,1182,47.759610,1
policy_t1.6,1183,47.759610,1
policy_t1.6,1184,47.759610,1
policy_t1.6,1185,47.759610,1
policy_t1.6,1186,47.759610,1
policy_t1.6,1187,47.759610,1
policy_t1.6,1188,-1.356928,0
policy_t1.6,1189,47.759610,1
policy_t1.6,1190,47.759610,1
policy_t1.6,1191,47.759610,1
policy_t1.6,1192,47.759610,1
policy_t1.6,1193,47.759610,1
policy_t1.6,1194,47.759610,1
policy_t1.6,1195,47.759610,1
policy_t1.6,1196,47.759610,1
policy_t1.6,1197,47.759610,1
policy_t1.6,1198,47.759610,1
policy_t1.6,1199,47.759610,1
policy_t1.6,1200,47.759610,1
policy_t1.6,1201,47.759610,1
policy_t1.6,1202,47.759610,1
policy_t1.6,1203,47.759610,1
policy_t1.6,1204,47.759610,1
policy_t1.6,1205,47.759610,1
policy_t1.6,1206,47.759610,1
policy_t1.6,1207,47.759610,1
policy_t1.6,1208,47.759610,1
policy_t1.6,1209,47.759610,1
policy_t1.6,1210,47.759610,1
policy_t1.6,1211,47.759610,1
policy_t1.6,1212,47.759610,1
policy_t1.6,1213,47.759610,1
policy_t1.6,1214,47.759610,1
policy_t1.6,1215,47.759610,1
policy_t1.6,1216,47.759610,1
policy_t1.6,1217,47.759610,1
policy_t1.6,1218,47.759610,1
policy_t1.6,1219,47.759610,1
policy_t1.6,1220,47.759610,1
policy_t1.6,1221,47.759610,1
policy_t1.6,1222,47.759610,1
policy_t1.6,1223,47.759610,1
policy_t1.6,1224,47.759610,1
policy_t1.6,1225,47.759610,1
policy_t1.6,1226,47.759610,1
policy_t1.6,1227,47.759610,1
policy_t1.6,1228,47.759610,1
policy_t1.6,1229,47.759610,1
policy_t1.6,1230,47.759610,1
policy_t1.6,1231,47.759610,1
policy_t1.6,1232,47.759610,1
policy_t1.6,1233,47.759610,1
policy_t1.6,1234,47.759610,1
policy_t1.6,1235,47.759610,1
policy_t1.6,1236,47.759610,1
policy_t1.6,1237,47.759610,1
policy_t1.6,1238,47.753065,1
policy_t1.6,1239,47.759610,1
policy_t1.6,1240,47.759610,1
policy_t1.6,1241,47.759610,1
policy_t1.6,1242,47.759610,1
policy_t1.6,1243,47.759610,1
policy_t1.6,1244,47.759610,1
policy_t1.6,1245,47.759610,1
policy_t1.6,1246,47.759610,1
policy_t1.6,1247,47.759610,1
policy_t1.6,1248,47.759610,1
policy_t1.6,1249,47.759610,1
policy_t1.6,1250,47.759610,1
policy_t1.6,1251,47.759610,1
policy_t1.6,1252,47.759610,1
policy_t1.6,1253,47.759610,1
policy_t1.6,1254,47.759610,1
policy_t1.6,1255,47.759610,1
policy_t1.6,1256,47.759610,1
policy_t1.6,1257,47.759610,1
policy_t1.6,1258,47.759610,1
policy_t1.6,1259,47.759610,1
policy_t1.6,1260,47.759610,1
policy_t1.6,1261,47.759610,1
policy_t1.6,1262,47.759610,1
policy_t1.6,1263,47.759610,1
policy_t1.6,1264,47.759610,1
policy_t1.6,1265,47.759610,1
policy_t1.6,1266,47.759610,1
policy_t1.6,1267,47.759610,1
policy_t1.6,1268,47.759610,1
policy_t1.6,1269,47.759610,1
policy_t1.6,1270,47.759610,1
policy_t1.6,1271,47.759610,1
policy_t1.6,1272,47.759610,1
policy_t1.6,1273,47.759610,1
policy_t1.6,1274,47.759610,1
policy_t1.6,1275,47.759610,1
policy_t1.6,1276,47.759610,1
policy_t1.6,1277,47.759610,1
policy_t1.6,1278,47.759610,1
policy_t1.6,1279,47.759610,1
policy_t1.6,1280,47.759610,1
policy_t1.6,1281,47.759610,1
policy_t1.6,1282,47.759610,1
policy_t1.6,1283,47.759610,1
policy_t1.6,1284,47.759610,1
policy_t1.6,1285,47.759610,1
policy_t1.6,1286,47.759610,1
policy_t1.6,1287,47.759610,1
policy_t1.6,1288,47.759610,1
policy_t1.6,1289,47.759610,1
policy_t1.6,1290,47.759610,1
policy_t1.6,1291,47.759610,1
policy_t1.6,1292,47.759610,1
policy_t1.6,1293,47.759610,1
policy_t1.6,1294,47.759610,1
policy_t1.6,1295,47.759610,1
policy_t1.6,1296,47.759610,1
policy_t1.6,1297,47.759610,1
policy_t1.6,1298,47.759610,1
policy_t1.6,1299,47.759610,1
policy_t1.6,1300,47.759610,1
policy_t1.6,1301,47.759610,1
policy_t1.6,1302,47.759610,1
policy_t1.6,1303,47.759610,1
policy_t1.6,1304,47.759610,1
policy_t1.6,1305,47.759610,1
policy_t1.6,1306,47.759610,1
policy_t1.6,1307,47.759610,1
policy_t1.6,1308,47.759610,1
policy_t1.6,1309,47.759610,1
policy_t1.6,1310,47.759610,1
policy_t1.6,1311,47.759610,1
policy_t1.6,1312,47.759610,1
policy_t1.6,1313,47.759610,1
policy_t1.6,1314,47.759610,1
policy_t1.6,1315,47.759610,1
policy_t1.6,1316,47.759610,1
policy_t1.6,1317,47.759610,1
policy_t1.6,1318,47.759610,1
policy_t1.6,1319,47.759610,1
policy_t1.6,1320,47.759610,1
policy_t1.6,1321,47.759610,1
policy_t1.6,1322,47.759610,1
policy_t1.6,1323,47.759610,1
policy_t1.6,1324,47.759610,1
policy_t1.6,1325,47.759610,1
policy_t1.6,1326,47.759610,1
policy_t1.6,1327,-1.150515,0
policy_t1.6,1328,47.759610,1
policy_t1.6,1329,47.759610,1
policy_t1.6,1330,47.761555,1
policy_t1.6,1331,47.759610,1
policy_t1.6,1332,47.759610,1
policy_t1.6,1333,47.759610,1
policy_t1.6,1334,47.759610,1
policy_t1.6,1335,47.759610,1
policy_t1.6,1336,47.759610,1
policy_t1.6,1337,47.759610,1
policy_t1.6,1338,-1.150515,0
policy_t1.6,1339,47.759610,1
policy_t1.6,1340,47.759610,1
policy_t1.6,1341,47.759610,1
policy_t1.6,1342,47.759610,1
policy_t1.6,1343,47.759610,1
policy_t1.6,1344,47.759610,1
policy_t1.6,1345,47.759610,1
policy_t1.6,1346,47.759610,1
policy_t1.6,1347,47.759610,1
policy_t1.6,1348,47.759610,1
policy_t1.6,1349,47.759610,1
policy_t1.6,1350,47.759610,1
policy_t1.6,1351,47.759610,1
policy_t1.6,1352,47.759610,1
policy_t1.6,1353,47.759610,1
policy_t1.6,1354,-1.150515,0
policy_t1.6,1355,47.759610,1
policy_t1.6,1356,47.759610,1
policy_t1.6,1357,47.759610,1
policy_t1.6,1358,47.759610,1
policy_t1.6,1359,47.759610,1
policy_t1.6,1360,47.759610,1
policy_t1.6,1361,47.759610,1
policy_t1.6,1362,47.759610,1
policy_t1.6,1363,47.759610,1
policy_t1.6,1364,47.759610,1
policy_t1.6,1365,47.759610,1
policy_t1.6,1366,47.759610,1
policy_t1.6,1367,47.759610,1
policy_t1.6,1368,47.759610,1
policy_t1.6,1369,47.759610,1
policy_t1.6,1370,47.759610,1
policy_t1.6,1371,47.759610,1
policy_t1.6,1372,47.759610,1
policy_t1.6,1373,47.759610,1
policy_t1.6,1374,47.759610,1
policy_t1.6,1375,47.759610,1
policy_t1.6,1376,47.759610,1
policy_t1.6,1377,47.759610,1
policy_t1.6,1378,47.759610,1
policy_t1.6,1379,47.759610,1
policy_t1.6,1380,47.759610,1
policy_t1.6,1381,47.759610,1
policy_t1.6,1382,47.759610,1
policy_t1.6,1383,47.759610,1
policy_t1.6,1384,47.759610,1
policy_t1.6,1385,47.759610,1
policy_t1.6,1386,47.759610,1
policy_t1.6,1387,47.759610,1
policy_t1.6,1388,47.759610,1
policy_t1.6,1389,47.759610,1
policy_t1.6,1390,47.759610,1
policy_t1.6,1391,47.759610,1
policy_t1.6,1392,47.759610,1
policy_t1.6,1393,47.759610,1
policy_t1.6,1394,47.759610,1
policy_t1.6,1395,47.759610,1
policy_t1.6,1396,47.759610,1
policy_t1.6,1397,47.759610,1
policy_t1.6,1398,47.759610,1
policy_t1.6,1399,47.759610,1
policy_t1.6,1400,47.759610,1
policy_t1.6,1401,47.759610,1
policy_t1.6,1402,47.759610,1
policy_t1.6,1403,47.759610,1
policy_t1.6,1404,-1.733082,0
policy_t1.6,1405,47.759610,1
policy_t1.6,1406,47.759610,1
policy_t1.6,1407,47.759610,1
policy_t1.6,1408,47.759610,1
policy_t1.6,1409,47.759610,1
policy_t1.6,1410,47.759610,1
policy_t1.6,1411,47.759610,1
policy_t1.6,1412,47.759610,1
policy_t1.6,1413,47.759610,1
policy_t1.6,1414,47.759610,1
policy_t1.6,1415,47.759610,1
policy_t1.6,1416,47.759610,1
policy_t1.6,1417,47.759610,1
policy_t1.6,1418,-1.150515,0
policy_t1.6,1419,47.759610,1
policy_t1.6,1420,47.759610,1
policy_t1.6,1421,47.759610,1
policy_t1.6,1422,47.759610,1
policy_t1.6,1423,47.759610,1
policy_t1.6,1424,47.759610,1
policy_t1.6,1425,47.759610,1
policy_t1.6,1426,47.759610,1
policy_t1.6,1427,47.759610,1
policy_t1.6,1428,47.759610,1
policy_t1.6,1429,47.759610,1
policy_t1.6,1430,47.759610,1
policy_t1.6,1431,47.759610,1
policy_t1.6,1432,-1.150515,0
policy_t1.6,1433,47.759610,1
policy_t1.6,1434,47.759610,1
policy_t1.6,1435,47.759610,1
policy_t1.6,1436,47.759610,1
policy_t1.6,1437,47.759610,1
policy_t1.6,1438,47.759610,1
policy_t1.6,1439,47.759610,1
policy_t1.6,1440,47.759610,1
policy_t1.6,1441,47.759610,1
policy_t1.6,1442,-1.148580,0
policy_t1.6,1443,47.759610,1
policy_t1.6,1444,47.759610,1
policy_t1.6,1445,47.759610,1
policy_t1.6,1446,47.759610,1
policy_t1.6,1447,47.759610,1
policy_t1.6,1448,47.759610,1
policy_t1.6,1449,47.759610,1
policy_t1.6,1450,47.759610,1
policy_t1.6,1451,47.759610,1
policy_t1.6,1452,47.759610,1
policy_t1.6,1453,47.759610,1
policy_t1.6,1454,47.759610,1
policy_t1.6,1455,47.759610,1
policy_t1.6,1456,47.759610,1
policy_t1.6,1457,47.759610,1
policy_t1.6,1458,47.759610,1
policy_t1.6,1459,47.759610,1
policy_t1.6,1460,47.759610,1
policy_t1.6,1461,47.759610,1
policy_t1.6,1462,-1.150515,0
policy_t1.6,1463,47.759610,1
policy_t1.6,1464,47.759610,1
policy_t1.6,1465,47.759610,1
policy_t1.6,1466,47.759610,1
policy_t1.6,1467,47.759610,1
policy_t1.6,1468,47.759610,1
policy_t1.6,1469,47.759610,1
policy_t1.6,1470,47.759610,1
policy_t1.6,1471,47.759610,1
policy_t1.6,1472,-1.150515,0
policy_t1.6,1473,47.759610,1
policy_t1.6,1474,47.759610,1
policy_t1.6,1475,47.759610,1
policy_t1.6,1476,47.759610,1
policy_t1.6,1477,47.759610,1
policy_t1.6,1478,47.759610,1
policy_t1.6,1479,47.759610,1
policy_t1.6,1480,47.759610,1
policy_t1.6,1481,47.759610,1
policy_t1.6,1482,47.759610,1
policy_t1.6,1483,47.759610,1
policy_t1.6,1484,47.759610,1
policy_t1.6,1485,47.759610,1
policy_t1.6,1486,47.759610,1
policy_t1.6,1487,47.759610,1
policy_t1.6,1488,47.759610,1
policy_t1.6,1489,47.759610,1
policy_t1.6,1490,47.759610,1
policy_t1.6,1491,47.759610,1
policy_t1.6,1492,47.759610,1
policy_t1.6,1493,47.759610,1
policy_t1.6,1494,47.759610,1
policy_t1.6,1495,-0.317455,0
policy_t1.6,1496,47.759610,1
policy_t1.6,1497,47.759610,1
policy_t1.6,1498,47.759610,1
policy_t1.6,1499,47.759610,1
policy_t1.6,1500,47.759610,1
policy_t1.6,1501,47.759610,1
policy_t1.6,1502,47.759610,1
policy_t1.6,1503,47.759610,1
policy_t1.6,1504,47.759610,1
policy_t1.6,1505,47.759610,1
policy_t1.6,1506,47.759610,1
policy_t1.6,1507,47.759610,1
policy_t1.6,1508,47.759610,1
policy_t1.6,1509,47.759610,1
policy_t1.6,1510,47.759610,1
policy_t1.6,1511,47.759610,1
policy_t1.6,1512,47.759610,1
policy_t1.6,1513,47.759610,1
policy_t1.6,1514,47.759610,1
policy_t1.6,1515,47.759610,1
policy_t1.6,1516,47.759610,1
policy_t1.6,1517,47.759610,1
policy_t1.6,1518,47.759610,1
policy_t1.6,1519,47.759610,1
policy_t1.6,1520,47.759610,1
policy_t1.6,1521,47.759610,1
policy_t1.6,1522,47.759610,1
policy_t1.6,1523,47.759610,1
policy_t1.6,1524,47.759610,1
policy_t1.6,1525,47.759610,1
policy_t1.6,1526,47.759610,1
policy_t1.6,1527,47.759610,1
policy_t1.6,1528,47.759610,1
policy_t1.6,1529,47.759610,1
policy_t1.6,1530,47.759610,1
policy_t1.6,1531,47.759610,1
policy_t1.6,1532,47.759610,1
policy_t1.6,1533,47.759610,1
policy_t1.6,1534,47.759610,1
policy_t1.6,1535,47.759610,1
policy_t1.6,1536,47.759610,1
policy_t1.6,1537,47.759610,1
policy_t1.6,1538,47.759610,1
policy_t1.6,1539,47.759610,1
policy_t1.6,1540,47.759610,1
policy_t1.6,1541,47.759610,1
policy_t1.6,1542,47.759610,1
policy_t1.6,1543,47.759610,1
policy_t1.6,1544,47.759610,1
policy_t1.6,1545,47.759610,1
policy_t1.6,1546,47.759610,1
policy_t1.6,1547,47.759610,1
policy_t1.6,1548,47.759610,1
policy_t1.6,1549,47.759610,1
policy_t1.6,1550,47.759610,1
policy_t1.6,1551,47.759610,1
policy_t1.6,1552,47.759610,1
policy_t1.6,1553,47.759610,1
policy_t1.6,1554,47.759610,1
policy_t1.6,1555,47.759610,1
policy_t1.6,1556,47.759610,1
policy_t1.6,1557,47.759610,1
policy_t1.6,1558,47.759610,1
policy_t1.6,1559,47.759610,1
policy_t1.6,1560,47.759610,1
policy_t1.6,1561,47.759610,1
policy_t1.6,1562,47.759610,1
policy_t1.6,1563,47.759610,1
policy_t1.6,1564,47.759610,1
policy_t1.6,1565,47.759610,1
policy_t1.6,1566,47.759610,1
policy_t1.6,1567,47.759610,1
policy_t1.6,1568,47.759610,1
policy_t1.6,1569,47.759610,1
policy_t1.6,1570,47.759610,1
policy_t1.6,1571,47.759610,1
policy_t1.6,1572,47.759610,1
policy_t1.6,1573,47.759610,1
policy_t1.6,1574,47.759610,1
policy_t1.6,1575,47.759610,1
policy_t1.6,1576,47.759610,1
policy_t1.6,1577,47.759610,1
policy_t1.6,1578,47.759610,1
policy_t1.6,1579,47.759610,1
policy_t1.6,1580,47.759610,1
policy_t1.6,1581,47.759610,1
policy_t1.6,1582,47.759610,1
policy_t1.6,1583,47.759610,1
policy_t1.6,1584,47.759610,1
policy_t1.6,1585,47.759610,1
policy_t1.6,1586,47.759610,1
policy_t1.6,1587,47.759610,1
policy_t1.6,1588,47.759610,1
policy_t1.6,1589,47.759610,1
policy_t1.6,1590,47.759610,1
policy_t1.6,1591,47.759610,1
policy_t1.6,1592,47.759610,1
policy_t1.6,1593,47.759610,1
policy_t1.6,1594,47.759610,1
policy_t1.6,1595,47.759610,1
policy_t1.6,1596,47.759610,1
policy_t1.6,1597,47.759610,1
policy_t1.6,1598,47.759610,1
policy_t1.6,1599,47.759610,1
policy_t1.6,1600,47.759610,1
policy_t1.6,1601,47.759610,1
policy_t1.6,1602,47.759610,1
policy_t1.6,1603,47.759610,1
policy_t1.6,1604,-1.150515,0
policy_t1.6,1605,47.759610,1
policy_t1.6,1606,47.759610,1
policy_t1.6,1607,47.759610,1
policy_t1.6,1608,47.759610,1
policy_t1.6,1609,47.759610,1
policy_t1.6,1610,47.759610,1
policy_t1.6,1611,47.759610,1
policy_t1.6,1612,47.759610,1
policy_t1.6,1613,47.759610,1
policy_t1.6,1614,47.759610,1
policy_t1.6,1615,47.759610,1
policy_t1.6,1616,47.759610,1
policy_t1.6,1617,47.759610,1
policy_t1.6,1618,47.759610,1
policy_t1.6,1619,47.759610,1
policy_t1.6,1620,47.759610,1
policy_t1.6,1621,47.759610,1
policy_t1.6,1622,47.759610,1
policy_t1.6,1623,47.759610,1
policy_t1.6,1624,47.759610,1
policy_t1.6,1625,47.759610,1
policy_t1.6,1626,47.759610,1
policy_t1.6,1627,47.759610,1
policy_t1.6,1628,47.759610,1
policy_t1.6,1629,47.759610,1
policy_t1.6,1630,47.759610,1
policy_t1.6,1631,47.759610,1
policy_t1.6,1632,47.759610,1
policy_t1.6,1633,47.759610,1
policy_t1.6,1634,47.759610,1
policy_t1.6,1635,47.759610,1
policy_t1.6,1636,47.759610,1
policy_t1.6,1637,47.759610,1
policy_t1.6,1638,47.759610,1
policy_t1.6,1639,47.759610,1
policy_t1.6,1640,47.759610,1
policy_t1.6,1641,47.759610,1
policy_t1.6,1642,47.759610,1
policy_t1.6,1643,47.759610,1
policy_t1.6,1644,47.759610,1
policy_t1.6,1645,47.759610,1
policy_t1.6,1646,-1.356928,0
policy_t1.6,1647,47.759610,1
policy_t1.6,1648,47.759610,1
policy_t1.6,1649,47.759610,1
policy_t1.6,1650,47.759610,1
policy_t1.6,1651,47.759610,1
policy_t1.6,1652,47.759610,1
policy_t1.6,1653,47.759610,1
policy_t1.6,1654,47.759610,1
policy_t1.6,1655,47.759610,1
policy_t1.6,1656,47.759610,1
policy_t1.6,1657,47.759610,1
policy_t1.6,1658,47.759610,1
policy_t1.6,1659,47.759610,1
policy_t1.6,1660,47.759610,1
policy_t1.6,1661,47.759610,1
policy_t1.6,1662,47.759610,1
policy_t1.6,1663,47.759610,1
policy_t1.6,1664,47.759610,1
policy_t1.6,1665,47.759610,1
policy_t1.6,1666,47.759610,1
policy_t1.6,1667,47.759610,1
policy_t1.6,1668,47.759610,1
policy_t1.6,1669,47.759610,1
policy_t1.6,1670,47.759610,1
policy_t1.6,1671,47.759610,1
policy_t1.6,1672,47.759610,1
policy_t1.6,1673,47.759610,1
policy_t1.6,1674,47.759610,1
policy_t1.6,1675,47.759610,1
policy_t1.6,1676,47.759610,1
policy_t1.6,1677,47.759610,1
policy_t1.6,1678,47.759610,1
policy_t1.6,1679,47.759610,1
policy_t1.6,1680,47.759610,1
policy_t1.6,1681,47.759610,1
policy_t1.6,1682,47.759610,1
policy_t1.6,1683,47.759610,1
policy_t1.6,1684,47.759610,1
policy_t1.6,1685,47.759610,1
policy_t1.6,1686,47.759610,1
policy_t1.6,1687,47.759610,1
policy_t1.6,1688,47.759610,1
policy_t1.6,1689,47.759610,1
policy_t1.6,1690,47.759610,1
policy_t1.6,1691,47.759610,1
policy_t1.6,1692,47.759610,1
policy_t1.6,1693,47.759610,1
policy_t1.6,1694,47.759610,1
policy_t1.6,1695,47.759610,1
policy_t1.6,1696,47.759610,1
policy_t1.6,1697,47.759610,1
policy_t1.6,1698,47.759610,1
policy_t1.6,1699,47.759610,1
policy_t1.6,1700,47.759610,1
policy_t1.6,1701,47.759610,1
policy_t1.6,1702,47.759610,1
policy_t1.6,1703,47.759610,1
policy_t1.6,1704,47.759610,1
policy_t1.6,1705,47.759610,1
policy_t1.6,1706,47.759610,1
policy_t1.6,1707,47.759610,1
policy_t1.6,1708,47.759610,1
policy_t1.6,1709,47.759610,1
policy_t1.6,1710,47.759610,1
policy_t1.6,1711,47.759610,1
policy_t1.6,1712,47.759610,1
policy_t1.6,1713,47.759610,1
policy_t1.6,1714,47.759610,1
policy_t1.6,1715,47.759610,1
policy_t1.6,1716,47.759610,1
policy_t1.6,1717,-1.150515,0
policy_t1.6,1718,47.759610,1
policy_t1.6,1719,47.759610,1
policy_t1.6,1720,47.759610,1
policy_t1.6,1721,47.759610,1
policy_t1.6,1722,47.759610,1
policy_t1.6,1723,47.759610,1
policy_t1.6,1724,47.759610,1
policy_t1.6,1725,47.759610,1
policy_t1.6,1726,47.759610,1
policy_t1.6,1727,47.759610,1
policy_t1.6,1728,47.759610,1
policy_t1.6,1729,47.759610,1
policy_t1.6,1730,47.759610,1
policy_t1.6,1731,47.759610,1
policy_t1.6,1732,47.759610,1
policy_t1.6,1733,47.759610,1
policy_t1.6,1734,47.759610,1
policy_t1.6,1735,47.759610,1
policy_t1.6,1736,47.759610,1
policy_t1.6,1737,47.759610,1
policy_t1.6,1738,47.759610,1
policy_t1.6,1739,47.759610,1
policy_t1.6,1740,47.759610,1
policy_t1.6,1741,47.759610,1
policy_t1.6,1742,47.759610,1
policy_t1.6,1743,47.759610,1
policy_t1.6,1744,47.759610,1
policy_t1.6,1745,47.759610,1
policy_t1.6,1746,47.759610,1
policy_t1.6,1747,47.759610,1
policy_t1.6,1748,47.759610,1
policy_t1.6,1749,47.759610,1
policy_t1.6,1750,47.759610,1
policy_t1.6,1751,47.759610,1
policy_t1.6,1752,47.759610,1
policy_t1.6,1753,47.759610,1
policy_t1.6,1754,47.759610,1
policy_t1.6,1755,47.759610,1
policy_t1.6,1756,47.759610,1
policy_t1.6,1757,47.759610,1
policy_t1.6,1758,47.759610,1
policy_t1.6,1759,47.759610,1
policy_t1.6,1760,47.759610,1
policy_t1.6,1761,47.759610,1
policy_t1.6,1762,47.759610,1
policy_t1.6,1763,47.759610,1
policy_t1.6,1764,47.759610,1
policy_t1.6,1765,47.759610,1
policy_t1.6,1766,47.759610,1
policy_t1.6,1767,47.759610,1
policy_t1.6,1768,47.759610,1
policy_t1.6,1769,47.759610,1
policy_t1.6,1770,47.759610,1
policy_t1.6,1771,47.759610,1
policy_t1.6,1772,47.759610,1
policy_t1.6,1773,47.759610,1
policy_t1.6,1774,47.759610,1
policy_t1.6,1775,47.759610,1
policy_t1.6,1776,47.759610,1
policy_t1.6,1777,47.759610,1
policy_t1.6,1778,47.759610,1
policy_t1.6,1779,47.759610,1
policy_t1.6,1780,47.759610,1
policy_t1.6,1781,47.759610,1
policy_t1.6,1782,47.759610,1
policy_t1.6,1783,47.759610,1
policy_t1.6,1784,47.759610,1
policy_t1.6,1785,47.759610,1
policy_t1.6,1786,47.759610,1
policy_t1.6,1787,47.759610,1
policy_t1.6,1788,47.759610,1
policy_t1.6,1789,47.759610,1
policy_t1.6,1790,47.759610,1
policy_t1.6,1791,47.759610,1
policy_t1.6,1792,47.759610,1
policy_t1.6,1793,47.759610,1
policy_t1.6,1794,47.759610,1
policy_t1.6,1795,47.759610,1
policy_t1.6,1796,47.759610,1
policy_t1.6,1797,47.759610,1
policy_t1.6,1798,47.759610,1
policy_t1.6,1799,47.759610,1
policy_t1.6,1800,47.759610,1
policy_t1.6,1801,47.759610,1
policy_t1.6,1802,-1.150515,0
policy_t1.6,1803,47.759610,1
policy_t1.6,1804,47.759610,1
policy_t1.6,1805,47.759610,1
policy_t1.6,1806,47.759610,1
policy_t1.6,1807,47.759610,1
policy_t1.6,1808,47.759610,1
policy_t1.6,1809,47.759610,1
policy_t1.6,1810,47.759610,1
policy_t1.6,1811,-0.317455,0
policy_t1.6,1812,47.759610,1
policy_t1.6,1813,47.759610,1
policy_t1.6,1814,47.759610,1
policy_t1.6,1815,-1.150515,0
policy_t1.6,1816,47.759610,1
policy_t1.6,1817,47.759610,1
policy_t1.6,1818,47.759610,1
policy_t1.6,1819,47.759610,1
policy_t1.6,1820,47.759610,1
policy_t1.6,1821,47.759610,1
policy_t1.6,1822,47.759610,1
policy_t1.6,1823,47.759610,1
policy_t1.6,1824,47.759610,1
policy_t1.6,1825,47.759610,1
policy_t1.6,1826,47.759610,1
policy_t1.6,1827,-1.150515,0
policy_t1.6,1828,47.761335,1
policy_t1.6,1829,47.759610,1
policy_t1.6,1830,47.759610,1
policy_t1.6,1831,47.759610,1
policy_t1.6,1832,47.759610,1
policy_t1.6,1833,47.759610,1
policy_t1.6,1834,47.759610,1
policy_t1.6,1835,47.759610,1
policy_t1.6,1836,47.759610,1
policy_t1.6,1837,47.759610,1
policy_t1.6,1838,47.759610,1
policy_t1.6,1839,47.759610,1
policy_t1.6,1840,47.759610,1
policy_t1.6,1841,47.747122,1
policy_t1.6,1842,47.759610,1
policy_t1.6,1843,47.759610,1
policy_t1.6,1844,47.759610,1
policy_t1.6,1845,47.759610,1
policy_t1.6,1846,47.759610,1
policy_t1.6,1847,47.759610,1
policy_t1.6,1848,47.759610,1
policy_t1.6,1849,47.759610,1
policy_t1.6,1850,47.759610,1
policy_t1.6,1851,47.759610,1
policy_t1.6,1852,47.759610,1
policy_t1.6,1853,47.759610,1
policy_t1.6,1854,47.759610,1
policy_t1.6,1855,47.759610,1
policy_t1.6,1856,47.759610,1
policy_t1.6,1857,47.759610,1
policy_t1.6,1858,47.759610,1
policy_t1.6,1859,47.759610,1
policy_t1.6,1860,47.759610,1
policy_t1.6,1861,47.759610,1
policy_t1.6,1862,47.759610,1
policy_t1.6,1863,47.759610,1
policy_t1.6,1864,47.759610,1
policy_t1.6,1865,47.759610,1
policy_t1.6,1866,47.759610,1
policy_t1.6,1867,47.759610,1
policy_t1.6,1868,47.759610,1
policy_t1.6,1869,47.759610,1
policy_t1.6,1870,47.759610,1
policy_t1.6,1871,47.759610,1
policy_t1.6,1872,47.759610,1
policy_t1.6,1873,47.759610,1
policy_t1.6,1874,47.759610,1
policy_t1.6,1875,47.759610,1
policy_t1.6,1876,47.759610,1
policy_t1.6,1877,47.759610,1
policy_t1.6,1878,47.759610,1
policy_t1.6,1879,47.759610,1
policy_t1.6,1880,47.759610,1
policy_t1.6,1881,47.759610,1
policy_t1.6,1882,47.759610,1
policy_t1.6,1883,47.759610,1
policy_t1.6,1884,47.759610,1
policy_t1.6,1885,47.759610,1
policy_t1.6,1886,47.759610,1
policy_t1.6,1887,47.759610,1
policy_t1.6,1888,47.759610,1
policy_t1.6,1889,47.759610,1
policy_t1.6,1890,47.759610,1
policy_t1.6,1891,47.759610,1
policy_t1.6,1892,47.759610,1
policy_t1.6,1893,47.759610,1
policy_t1.6,1894,47.759610,1
policy_t1.6,1895,47.759610,1
policy_t1.6,1896,47.759610,1
policy_t1.6,1897,47.759610,1
policy_t1.6,1898,47.759610,1
policy_t1.6,1899,47.759610,1
policy_t1.6,1900,47.759610,1
policy_t1.6,1901,47.759610,1
policy_t1.6,1902,47.759610,1
policy_t1.6,1903,47.759610,1
policy_t1.6,1904,47.759610,1
policy_t1.6,1905,47.759610,1
policy_t1.6,1906,47.759610,1
policy_t1.6,1907,47.759610,1
policy_t1.6,1908,47.759610,1
policy_t1.6,1909,47.759610,1
policy_t1.6,1910,47.759610,1
policy_t1.6,1911,47.759610,1
policy_t1.6,1912,47.759610,1
policy_t1.6,1913,47.759610,1
policy_t1.6,1914,47.759610,1
policy_t1.6,1915,47.759610,1
policy_t1.6,1916,47.759610,1
policy_t1.6,1917,47.759610,1
policy_t1.6,1918,47.759610,1
policy_t1.6,1919,47.759610,1
policy_t1.6,1920,47.759610,1
policy_t1.6,1921,47.759610,1
policy_t1.6,1922,47.759610,1
policy_t1.6,1923,47.759610,1
policy_t1.6,1924,47.759610,1
policy_t1.6,1925,47.759610,1
policy_t1.6,1926,47.759610,1
policy_t1.6,1927,47.759610,1
policy_t1.6,1928,-1.150515,0
policy_t1.6,1929,47.759610,1
policy_t1.6,1930,47.759610,1
policy_t1.6,1931,47.759610,1
policy_t1.6,1932,47.759610,1
policy_t1.6,1933,47.759610,1
policy_t1.6,1934,47.759610,1
policy_t1.6,1935,47.759610,1
policy_t1.6,1936,47.759610,1
policy_t1.6,1937,47.759610,1
policy_t1.6,1938,47.759610,1
policy_t1.6,1939,47.759610,1
policy_t1.6,1940,47.759610,1
policy_t1.6,1941,47.759610,1
policy_t1.6,1942,47.759610,1
policy_t1.6,1943,47.759610,1
policy_t1.6,1944,47.759610,1
policy_t1.6,1945,47.759610,1
policy_t1.6,1946,47.759610,1
policy_t1.6,1947,47.759610,1
policy_t1.6,1948,47.759610,1
policy_t1.6,1949,47.759610,1
policy_t1.6,1950,47.457494,1
policy_t1.6,1951,47.759610,1
policy_t1.6,1952,47.759610,1
policy_t1.6,1953,47.759610,1
policy_t1.6,1954,47.759610,1
policy_t1.6,1955,47.759610,1
policy_t1.6,1956,47.759610,1
policy_t1.6,1957,47.759610,1
policy_t1.6,1958,47.759610,1
policy_t1.6,1959,47.759610,1
policy_t1.6,1960,47.759610,1
policy_t1.6,1961,47.759610,1
policy_t1.6,1962,47.759610,1
policy_t1.6,1963,47.759610,1
policy_t1.6,1964,47.759610,1
policy_t1.6,1965,47.759610,1
policy_t1.6,1966,47.759610,1
policy_t1.6,1967,47.759610,1
policy_t1.6,1968,47.759610,1
policy_t1.6,1969,47.759610,1
policy_t1.6,1970,47.759610,1
policy_t1.6,1971,47.759610,1
policy_t1.6,1972,47.759610,1
policy_t1.6,1973,47.759610,1
policy_t1.6,1974,47.759610,1
policy_t1.6,1975,47.759610,1
policy_t1.6,1976,-1.150515,0
policy_t1.6,1977,47.759610,1
policy_t1.6,1978,47.759610,1
policy_t1.6,1979,47.759610,1
policy_t1.6,1980,47.759610,1
policy_t1.6,1981,47.759610,1
policy_t1.6,1982,47.759610,1
policy_t1.6,1983,47.759610,1
policy_t1.6,1984,47.759610,1
policy_t1.6,1985,47.759610,1
policy_t1.6,1986,47.759610,1
policy_t1.6,1987,47.759610,1
policy_t1.6,1988,47.759610,1
policy_t1.6,1989,47.759610,1
policy_t1.6,1990,47.759610,1
policy_t1.6,1991,47.759610,1
policy_t1.6,1992,47.759610,1
policy_t1.6,1993,47.759610,1
policy_t1.6,1994,47.759610,1
policy_t1.6,1995,47.759610,1
policy_t1.6,1996,47.759610,1
policy_t1.6,1997,47.759610,1
policy_t1.6,1998,-3.200732,0
policy_t1.6,1999,47.759610,1
random,0,-5.281502,0
random,1,-7.507302,0
random,2,-7.678974,0
random,3,-7.035227,0
random,4,-7.164063,0
random,5,-6.306842,0
random,6,-7.024965,0
random,7,-6.656551,0
random,8,-6.161096,0
random,9,-6.538385,0
random,10,-6.253409,0
random,11,-6.067515,0
random,12,-7.125983,0
random,13,-6.735352,0
random,14,-5.532310,0
random,15,-6.026415,0
random,16,-6.755474,0
random,17,-6.416233,0
random,18,-6.275520,0
random,19,-6.141560,0
random,20,-7.244858,0
random,21,-5.413548,0
random,22,-6.364590,0
random,23,-6.458125,0
random,24,-6.865798,0
random,25,-6.488713,0
random,26,-5.212619,0
random,27,-6.539833,0
random,28,-5.549324,0
random,29,-5.943140,0
random,30,-5.988410,0
random,31,-6.359447,0
random,32,-5.037745,0
random,33,-7.356124,0
random,34,-6.858951,0
random,35,-6.581708,0
random,36,-5.466514,0
random,37,-6.615117,0
random,38,-5.609698,0
random,39,-6.158472,0
random,40,-5.923405,0
random,41,-5.780385,0
random,42,-6.439748,0
random,43,-6.751435,0
random,44,-7.908034,0
random,45,-6.257724,0
random,46,-7.326028,0
random,47,-5.718606,0
random,48,-7.206844,0
random,49,-6.200342,0
random,50,-6.437145,0
random,51,-6.929529,0
random,52,-7.424546,0
random,53,-7.132298,0
random,54,-5.233328,0
random,55,-5.302291,0
random,56,-6.866051,0
random,57,-6.587482,0
random,58,-7.165152,0
random,59,-6.999916,0
random,60,-6.394370,0
random,61,-6.606086,0
random,62,-6.541286,0
random,63,-5.239580,0
random,64,-6.465267,0
random,65,-5.969559,0
random,66,-6.525849,0
random,67,-8.015905,0
random,68,-5.950180,0
random,69,-6.239049,0
random,70,-7.291771,0
random,71,-6.492046,0
random,72,-5.821887,0
random,73,-4.700654,0
random,74,-5.835250,0
random,75,-7.333927,0
random,76,-6.989626,0
random,77,-7.367871,0
random,78,-6.890682,0
random,79,-4.450487,0
random,80,-7.041060,0
random,81,-4.862674,0
random,82,-6.427566,0
random,83,-6.504481,0
random,84,-5.691302,0
random,85,-5.226571,0
random,86,-6.337849,0
random,87,-5.849577,0
random,88,-6.739468,0
random,89,-7.513818,0
random,90,-7.544622,0
random,91,-4.551184,0
random,92,-6.514223,0
random,93,-6.641417,0
random,94,-4.557189,0
random,95,-6.297882,0
random,96,-5.856590,0
random,97,-7.198129,0
random,98,-7.974165,0
random,99,-5.621746,0
random,100,-7.354358,0
random,101,-6.766810,0
random,102,-7.305321,0
random,103,-5.414253,0
random,104,-6.484293,0
random,105,-6.249631,0
random,106,-6.112069,0
random,107,-6.217730,0
random,108,-5.935132,0
random,109,-6.129203,0
random,110,-6.016142,0
random,111,-6.291515,0
random,112,-5.355809,0
random,113,-5.894292,0
random,114,-5.821301,0
random,115,-6.113279,0
random,116,-6.234522,0
random,117,-6.488506,0
random,118,-5.139083,0
random,119,-5.461362,0
random,120,-6.747129,0
random,121,-5.824668,0
random,122,-6.498787,0
random,123,-7.389298,0
random,124,-6.475757,0
random,125,-6.906108,0
random,126,-6.108450,0
random,127,-6.247488,0
random,128,-5.876588,0
random,129,-6.631392,0
random,130,-6.079588,0
random,131,-6.153935,0
random,132,-5.854398,0
random,133,-6.477704,0
random,134,-7.025463,0
random,135,-7.048908,0
random,136,-6.004157,0
random,137,-6.597638,0
random,138,-6.963645,0
random,139,-6.848583,0
random,140,-6.642655,0
random,141,-6.964012,0
random,142,-6.176733,0
random,143,-4.332370,0
random,144,-7.642803,0
random,145,-6.735972,0
random,146,-6.471630,0
random,147,-5.524209,0
random,148,-6.070154,0
random,149,-7.067055,0
random,150,-7.816162,0
random,151,-6.016168,0
random,152,-7.344752,0
random,153,-6.756763,0
random,154,-6.588681,0
random,155,-7.414013,0
random,156,-6.055309,0
random,157,-5.843128,0
random,158,-5.032743,0
random,159,-5.610009,0
random,160,-6.573568,0
random,161,-6.400153,0
random,162,-6.824424,0
random,163,-6.077205,0
random,164,-8.362394,0
random,165,-5.607237,0
random,166,-5.858513,0
random,167,-5.489992,0
random,168,-5.190102,0
random,169,-7.227116,0
random,170,-7.429556,0
random,171,-6.286813,0
random,172,-6.669515,0
random,173,-5.714909,0
random,174,-5.544721,0
random,175,-5.282513,0
random,176,-6.246133,0
random,177,-6.496486,0
random,178,-7.419930,0
random,179,-6.396660,0
random,180,-6.755486,0
random,181,-6.013674,0
random,182,-6.805671,0
random,183,-6.206577,0
random,184,-5.194438,0
random,185,-6.382729,0
random,186,-5.955216,0
random,187,-5.382694,0
random,188,-6.504925,0
random,189,-6.126296,0
random,190,-7.025478,0
random,191,-6.821371,0
random,192,-5.449351,0
random,193,-5.158407,0
random,194,-7.267980,0
random,195,-7.096664,0
random,196,-3.656944,0
random,197,-6.138619,0
random,198,-6.709750,0
random,199,-7.314516,0
random,200,-5.572104,0
random,201,-7.886323,0
random,202,-6.194013,0
random,203,-5.909012,0
random,204,-6.482195,0
random,205,-5.724058,0
random,206,-5.740726,0
random,207,-6.445706,0
random,208,-5.772141,0
random,209,-6.736332,0
random,210,-6.571151,0
random,211,-6.237338,0
random,212,-5.879008,0
random,213,-7.518802,0
random,214,-6.430186,0
random,215,-6.121799,0
random,216,-6.666581,0
random,217,-5.278592,0
random,218,-6.868982,0
random,219,-6.253181,0
random,220,-5.710489,0
random,221,-6.426805,0
random,222,-5.625707,0
random,223,-6.332921,0
random,224,-6.257764,0
random,225,-5.400894,0
random,226,-6.103060,0
random,227,-5.632505,0
random,228,-6.231438,0
random,229,-6.394133,0
random,230,-6.044106,0
random,231,-6.422150,0
random,232,-7.481249,0
random,233,-6.285631,0
random,234,-6.800718,0
random,235,-5.529039,0
random,236,-6.119277,0
random,237,-6.912868,0
random,238,-6.793230,0
random,239,-6.571117,0
random,240,-6.466697,0
random,241,-6.386487,0
random,242,-5.163263,0
random,243,-5.761872,0
random,244,-6.368975,0
random,245,-5.690880,0
random,246,-7.397483,0
random,247,-6.987580,0
random,248,-6.414686,0
random,249,-6.933766,0
random,250,-7.162533,0
random,251,-6.384525,0
random,252,-6.675849,0
random,253,-6.346590,0
random,254,-6.831961,0
random,255,-5.632388,0
random,256,-5.910506,0
random,257,-6.408250,0
random,258,-5.849712,0
random,259,-5.430275,0
random,260,-6.987704,0
random,261,-6.953028,0
random,262,-7.098308,0
random,263,-6.319222,0
random,264,-6.617398,0
random,265,-6.360444,0
random,266,-5.708445,0
random,267,-6.123357,0
random,268,-6.468863,0
random,269,-6.833771,0
random,270,-6.996479,0
random,271,-5.527600,0
random,272,-6.543949,0
random,273,-6.519170,0
random,274,-6.588258,0
random,275,-4.998285,0
random,276,-7.180686,0
random,277,-6.959079,0
random,278,-5.986501,0
random,279,-7.056401,0
random,280,-6.974791,0
random,281,-5.869211,0
random,282,-7.099049,0
random,283,-6.517946,0
random,284,-5.813922,0
random,285,-5.368319,0
random,286,-6.678049,0
random,287,-6.579515,0
random,288,-7.163395,0
random,289,-7.638387,0
random,290,-6.481979,0
random,291,-6.863051,0
random,292,-6.490825,0
random,293,-5.421394,0
random,294,-6.016476,0
random,295,-6.591785,0
random,296,-7.083752,0
random,297,-5.532388,0
random,298,-5.437114,0
random,299,-6.685161,0
random,300,-5.973208,0
random,301,-5.774673,0
random,302,-6.080236,0
random,303,-7.282362,0
random,304,-6.590445,0
random,305,-5.726784,0
random,306,-4.810213,0
random,307,-6.554796,0
random,308,-6.810120,0
random,309,-5.498782,0
random,310,-7.491902,0
random,311,-6.381008,0
random,312,-6.892939,0
random,313,-5.974830,0
random,314,-6.839071,0
random,315,-7.456896,0
random,316,-6.303901,0
random,317,-5.804221,0
random,318,-6.515565,0
random,319,-6.696758,0
random,320,-6.951947,0
random,321,-6.476465,0
random,322,-6.773340,0
random,323,-6.201136,0
random,324,-6.771490,0
random,325,-6.603210,0
random,326,-5.966772,0
random,327,-6.230348,0
random,328,-5.528943,0
random,329,-5.771625,0
random,330,-6.964406,0
random,331,-5.820348,0
random,332,-6.099329,0
random,333,-6.821621,0
random,334,-6.353246,0
random,335,-5.826795,0
random,336,-5.095158,0
random,337,-6.107244,0
random,338,-6.557887,0
random,339,-7.453576,0
random,340,-5.683153,0
random,341,-5.944907,0
random,342,-6.404131,0
random,343,-5.953772,0
random,344,-5.747626,0
random,345,-7.893499,0
random,346,-6.239896,0
random,347,-6.717882,0
random,348,-5.611317,0
random,349,-6.364812,0
random,350,-7.808548,0
random,351,-5.351311,0
random,352,-5.705717,0
random,353,-7.478062,0
random,354,-6.944760,0
random,355,-5.719379,0
random,356,-7.024048,0
random,357,-6.934315,0
random,358,-5.862648,0
random,359,-6.473661,0
random,360,-6.645418,0
random,361,-6.935996,0
random,362,-4.626670,0
random,363,-6.662759,0
random,364,-7.053319,0
random,365,-7.687929,0
random,366,-6.968784,0
random,367,-6.054578,0
random,368,-7.228858,0
random,369,-6.305664,0
random,370,-6.582906,0
random,371,-6.473872,0
random,372,-6.702912,0
random,373,-3.997786,0
random,374,-4.809085,0
random,375,-6.397325,0
random,376,-5.515514,0
random,377,-7.097792,0
random,378,-7.628803,0
random,379,-6.778244,0
random,380,-4.350559,0
random,381,-7.556539,0
random,382,-6.489168,0
random,383,-6.026121,0
random,384,-7.105377,0
random,385,-6.269638,0
random,386,-5.326165,0
random,387,-6.833486,0
random,388,-6.986991,0
random,389,-5.212521,0
random,390,-5.690860,0
random,391,-6.908939,0
random,392,-6.326398,0
random,393,-5.878853,0
random,394,-6.550597,0
random,395,-6.223036,0
random,396,-5.424646,0
random,397,-6.448244,0
random,398,-6.363907,0
random,399,-6.891532,0
random,400,-5.418858,0
random,401,-6.409458,0
random,402,-4.810848,0
random,403,-5.715991,0
random,404,-6.754226,0
random,405,-6.687295,0
random,406,-5.488896,0
random,407,-5.521661,0
random,408,-4.926644,0
random,409,-7.670500,0
random,410,-6.520720,0
random,411,-6.393785,0
random,412,-6.223817,0
random,413,-5.431855,0
random,414,-7.281939,0
random,415,-5.178911,0
random,416,-7.378516,0
random,417,-6.433180,0
random,418,-7.300901,0
random,419,-5.489663,0
random,420,-7.602857,0
random,421,-6.065101,0
random,422,-6.170022,0
random,423,-7.365454,0
random,424,-6.772150,0
random,425,-6.148827,0
random,426,-5.626952,0
random,427,-7.845146,0
random,428,-6.148506,0
random,429,-6.036839,0
random,430,-4.277140,0
random,431,-6.628799,0
random,432,-6.087400,0
random,433,-5.857459,0
random,434,-6.459677,0
random,435,-5.790957,0
random,436,-7.148204,0
random,437,-6.646028,0
random,438,-7.302219,0
random,439,-7.217746,0
random,440,-6.749700,0
random,441,-5.512910,0
random,442,-6.899944,0
random,443,-5.402280,0
random,444,-6.926853,0
random,445,-5.313043,0
random,446,-6.718456,0
random,447,-6.380602,0
random,448,-6.897663,0
random,449,-6.801593,0
random,450,-6.741997,0
random,451,-6.628797,0
random,452,-6.336556,0
random,453,-5.611675,0
random,454,-6.740530,0
random,455,-6.945293,0
random,456,-7.677920,0
random,457,-7.440209,0
random,458,-7.183576,0
random,459,-7.178850,0
random,460,-6.819905,0
random,461,-6.316649,0
random,462,-5.976684,0
random,463,-5.567923,0
random,464,-6.704587,0
random,465,-6.344255,0
random,466,-5.809522,0
random,467,-6.349532,0
random,468,-6.284765,0
random,469,-5.467767,0
random,470,-6.755562,0
random,471,-5.987003,0
random,472,-6.396969,0
random,473,-6.052246,0
random,474,-4.382387,0
random,475,-6.188376,0
random,476,-6.275359,0
random,477,-6.452355,0
random,478,-6.896763,0
random,479,-5.880897,0
random,480,-6.943609,0
random,481,-6.195438,0
random,482,-6.459586,0
random,483,-7.447473,0
random,484,-5.265722,0
random,485,-8.419431,0
random,486,-6.730298,0
random,487,-5.786763,0
random,488,-6.504043,0
random,489,-6.824308,0
random,490,-3.827326,0
random,491,-5.786210,0
random,492,-7.647307,0
random,493,-6.363089,0
random,494,-6.639499,0
random,495,-7.177644,0
random,496,-5.653160,0
random,497,-5.659026,0
random,498,-5.944557,0
random,499,-6.170203,0
random,500,-6.773359,0
random,501,-7.078261,0
random,502,-6.720497,0
random,503,-6.663981,0
random,504,-6.606785,0
random,505,-6.091536,0
random,506,-7.492983,0
random,507,-6.127953,0
random,508,-6.531268,0
random,509,-4.129992,0
random,510,-6.788069,0
random,511,-4.893932,0
random,512,-6.683992,0
random,513,-6.706057,0
random,514,-7.111684,0
random,515,-6.180159,0
random,516,-5.873882,0
random,517,-6.132650,0
random,518,-7.462022,0
random,519,-6.201328,0
random,520,-6.189060,0
random,521,-5.777554,0
random,522,-6.123482,0
random,523,-6.109044,0
random,524,-7.809288,0
random,525,-6.183810,0
random,526,-7.110921,0
random,527,-5.917161,0
random,528,-6.412916,0
random,529,-7.397392,0
random,530,-5.141380,0
random,531,-7.317845,0
random,532,-6.152773,0
random,533,-6.720763,0
random,534,-6.452103,0
random,535,-5.302370,0
random,536,-6.840760,0
random,537,-5.086035,0
random,538,-6.860975,0
random,539,-6.511771,0
random,540,-7.024736,0
random,541,-6.530754,0
random,542,-7.120247,0
random,543,-6.439850,0
random,544,-6.418250,0
random,545,-5.051422,0
random,546,-6.327286,0
random,547,-7.341766,0
random,548,-6.463929,0
random,549,-7.328360,0
random,550,-5.647734,0
random,551,-7.469561,0
random,552,-4.762856,0
random,553,-4.491975,0
random,554,-5.326170,0
random,555,-7.263141,0
random,556,-6.830535,0
random,557,-6.319008,0
random,558,-5.684190,0
random,559,-5.885248,0
random,560,-5.945834,0
random,561,-7.341324,0
random,562,-5.022425,0
random,563,-5.935145,0
random,564,-6.484939,0
random,565,-5.895797,0
random,566,-6.399213,0
random,567,-7.255885,0
random,568,-6.846830,0
random,569,-7.144530,0
random,570,-7.247122,0
random,571,-6.368164,0
random,572,-6.320341,0
random,573,-5.271413,0
random,574,-6.887772,0
random,575,-5.579062,0
random,576,-3.112995,0
random,577,-6.802983,0
random,578,-7.196138,0
random,579,-6.269272,0
random,580,-4.891103,0
random,581,-8.010189,0
random,582,-6.502255,0
random,583,-5.963001,0
random,584,-6.990633,0
random,585,-5.254513,0
random,586,-7.222177,0
random,587,-5.881717,0
random,588,-6.446485,0
random,589,-7.801587,0
random,590,-6.398358,0
random,591,-5.907927,0
random,592,-5.457233,0
random,593,-5.336362,0
random,594,-5.573001,0
random,595,-6.679904,0
random,596,-7.096983,0
random,597,-7.195001,0
random,598,-5.570226,0
random,599,-7.330339,0
random,600,-6.503691,0
random,601,-6.825362,0
random,602,-6.285544,0
random,603,-5.794861,0
random,604,-6.492976,0
random,605,-6.995779,0
random,606,-6.653891,0
random,607,-6.660913,0
random,608,-6.432953,0
random,609,-5.610217,0
random,610,-7.635123,0
random,611,-7.185491,0
random,612,-7.199807,0
random,613,-4.616726,0
random,614,-6.574191,0
random,615,-7.161210,0
random,616,-7.172318,0
random,617,-7.141534,0
random,618,-6.280971,0
random,619,-6.481146,0
random,620,-6.195557,0
random,621,-7.299931,0
random,622,-5.194524,0
random,623,-6.812523,0
random,624,-7.165578,0
random,625,-6.423256,0
random,626,-5.383334,0
random,627,-5.191459,0
random,628,-7.299455,0
random,629,-5.790441,0
random,630,-5.357798,0
random,631,-5.301804,0
random,632,-5.841368,0
random,633,-6.969721,0
random,634,-6.651992,0
random,635,-6.879852,0
random,636,-4.231390,0
random,637,-6.555199,0
random,638,-6.323755,0
random,639,-5.462094,0
random,640,-7.320154,0
random,641,-6.467721,0
random,642,-7.225824,0
random,643,-6.406547,0
random,644,-6.707861,0
random,645,-6.451389,0
random,646,-7.029428,0
random,647,-7.432523,0
random,648,-6.217618,0
random,649,-5.806844,0
random,650,-5.921688,0
random,651,-6.243690,0
random,652,-7.198880,0
random,653,-6.262544,0
random,654,-7.229066,0
random,655,-7.568121,0
random,656,-6.062846,0
random,657,-6.370998,0
random,658,-5.969004,0
random,659,-5.611044,0
random,660,-5.317833,0
random,661,-6.343717,0
random,662,-6.255996,0
random,663,-6.788541,0
random,664,-5.830969,0
random,665,-6.738837,0
random,666,-6.717144,0
random,667,-7.217532,0
random,668,-6.071968,0
random,669,-5.766117,0
random,670,-7.140544,0
random,671,-6.073743,0
random,672,-6.006943,0
random,673,-6.147717,0
random,674,-5.400488,0
random,675,-6.722314,0
random,676,-7.638710,0
random,677,-6.900913,0
random,678,-7.514675,0
random,679,-5.589082,0
random,680,-6.588590,0
random,681,-6.296910,0
random,682,-5.390704,0
random,683,-5.803756,0
random,684,-6.957898,0
random,685,-7.928621,0
random,686,-6.490671,0
random,687,-7.161397,0
random,688,-6.880971,0
random,689,-5.788743,0
random,690,-5.210548,0
random,691,-6.525534,0
random,692,-6.325285,0
random,693,-5.785465,0
random,694,-6.197978,0
random,695,-6.963304,0
random,696,-6.280754,0
random,697,-6.366003,0
random,698,-6.815419,0
random,699,-6.654911,0
random,700,-6.790631,0
random,701,-5.845421,0
random,702,-6.826013,0
random,703,-7.141796,0
random,704,-7.855471,0
random,705,-4.037201,0
random,706,-5.271080,0
random,707,-5.965880,0
random,708,-7.254434,0
random,709,-2.753822,0
random,710,-4.867935,0
random,711,-5.450729,0
random,712,-6.454715,0
random,713,-7.462856,0
random,714,-6.369306,0
random,715,-7.166955,0
random,716,-5.580924,0
random,717,-6.131624,0
random,718,-5.540667,0
random,719,-5.819042,0
random,720,-7.064320,0
random,721,-6.346206,0
random,722,-6.222656,0
random,723,-5.789066,0
random,724,-6.754954,0
random,725,-6.738273,0
random,726,-5.841088,0
random,727,-6.240860,0
random,728,-6.263112,0
random,729,-6.247222,0
random,730,-6.095885,0
random,731,-6.198341,0
random,732,-8.053339,0
random,733,-6.073337,0
random,734,-7.140445,0
random,735,-5.658960,0
random,736,-5.988475,0
random,737,-6.419797,0
random,738,-5.741521,0
random,739,-6.801011,0
random,740,-5.852681,0
random,741,-6.070516,0
random,742,-5.414384,0
random,743,-6.526325,0
random,744,-5.720363,0
random,745,-6.325570,0
random,746,-6.249440,0
random,747,-6.703309,0
random,748,-6.397291,0
random,749,-6.864023,0
random,750,-5.764083,0
random,751,-7.169465,0
random,752,-8.188033,0
random,753,-5.508570,0
random,754,-7.401622,0
random,755,-5.000709,0
random,756,-6.164041,0
random,757,-5.539127,0
random,758,-6.933952,0
random,759,-6.385222,0
random,760,-6.685928,0
random,761,-6.024090,0
random,762,-6.156464,0
random,763,-6.784173,0
random,764,-6.286459,0
random,765,-5.850868,0
random,766,-7.205003,0
random,767,-6.324619,0
random,768,-6.100152,0
random,769,-6.100897,0
random,770,-6.105190,0
random,771,-6.398634,0
random,772,-6.525912,0
random,773,-8.029515,0
random,774,-6.822946,0
random,775,-6.727643,0
random,776,-7.022971,0
random,777,-7.048321,0
random,778,-6.630297,0
random,779,-6.699058,0
random,780,-6.225858,0
random,781,-6.401581,0
random,782,-6.823641,0
random,783,-6.065735,0
random,784,-7.212716,0
random,785,-5.660505,0
random,786,-6.289160,0
random,787,-6.570827,0
random,788,-6.497197,0
random,789,-4.542144,0
random,790,-6.438246,0
random,791,-7.024868,0
random,792,-6.674122,0
random,793,-6.567049,0
random,794,-7.097208,0
random,795,-7.033343,0
random,796,-7.441458,0
random,797,-6.847862,0
random,798,-6.349077,0
random,799,-6.611439,0
random,800,-6.895864,0
random,801,-5.675935,0
random,802,-7.000390,0
random,803,-6.760297,0
random,804,-7.733648,0
random,805,-7.271514,0
random,806,-5.324747,0
random,807,-7.016821,0
random,808,-7.095942,0
random,809,-7.151843,0
random,810,-7.300514,0
random,811,-6.896578,0
random,812,-6.687919,0
random,813,-5.223012,0
random,814,-6.417232,0
random,815,-6.957745,0
random,816,-6.261530,0
random,817,-6.917855,0
random,818,-6.567689,0
random,819,-5.786757,0
random,820,-6.594827,0
random,821,-7.352713,0
random,822,-7.377092,0
random,823,-6.358714,0
random,824,-7.210824,0
random,825,-6.542718,0
random,826,-5.932209,0
random,827,-6.961864,0
random,828,-5.371880,0
random,829,-7.789454,0
random,830,-6.349006,0
random,831,-7.234446,0
random,832,-6.859051,0
random,833,-7.423839,0
random,834,-7.272130,0
random,835,-5.862298,0
random,836,-5.344682,0
random,837,-5.058811,0
random,838,-5.849123,0
random,839,-5.414845,0
random,840,-5.937008,0
random,841,-6.347228,0
random,842,-6.477319,0
random,843,-5.692408,0
random,844,-7.953661,0
random,845,-6.281074,0
random,846,-7.041403,0
random,847,-6.692133,0
random,848,-6.434387,0
random,849,-6.149769,0
random,850,-5.128089,0
random,851,-6.571801,0
random,852,-6.983394,0
random,853,-6.472851,0
random,854,-5.947898,0
random,855,-6.453132,0
random,856,-6.563530,0
random,857,-6.758136,0
random,858,-6.385734,0
random,859,-5.026048,0
random,860,-5.956639,0
random,861,-6.312108,0
random,862,-6.108457,0
random,863,-6.926558,0
random,864,-7.183676,0
random,865,-5.382506,0
random,866,-5.923200,0
random,867,-4.962258,0
random,868,-6.523559,0
random,869,-6.580509,0
random,870,-4.797442,0
random,871,-7.116269,0
random,872,-6.746979,0
random,873,-4.823925,0
random,874,-7.238549,0
random,875,-5.275156,0
random,876,-6.928389,0
random,877,-5.459659,0
random,878,-5.154922,0
random,879,-6.596066,0
random,880,-7.170545,0
random,881,-5.866532,0
random,882,-6.089831,0
random,883,-5.431721,0
random,884,-5.953976,0
random,885,-7.504084,0
random,886,-5.562199,0
random,887,-6.000963,0
random,888,-5.890142,0
random,889,-6.167421,0
random,890,-5.729151,0
random,891,-5.223416,0
random,892,-6.310331,0
random,893,-7.712788,0
random,894,-6.232587,0
random,895,-5.628255,0
random,896,-6.398397,0
random,897,-6.388218,0
random,898,-6.217565,0
random,899,-5.582161,0
random,900,-6.973335,0
random,901,-7.436030,0
random,902,-4.158096,0
random,903,-7.327923,0
random,904,-5.677715,0
random,905,-7.084712,0
random,906,-5.839360,0
random,907,-6.584973,0
random,908,-5.587604,0
random,909,-5.564202,0
random,910,-6.090002,0
random,911,-5.116359,0
random,912,-6.712150,0
random,913,-5.982965,0
random,914,-5.788980,0
random,915,-7.231816,0
random,916,-6.066281,0
random,917,-6.584247,0
random,918,-6.896612,0
random,919,-7.161261,0
random,920,-6.643373,0
random,921,-4.445601,0
random,922,-6.525612,0
random,923,-6.071551,0
random,924,-7.437354,0
random,925,-5.532468,0
random,926,-5.871499,0
random,927,-5.127473,0
random,928,-7.122661,0
random,929,-7.749883,0
random,930,-7.621949,0
random,931,-6.919157,0
random,932,-7.054196,0
random,933,-6.078346,0
random,934,-6.549673,0
random,935,-5.866996,0
random,936,-7.034200,0
random,937,-7.195174,0
random,938,-6.683449,0
random,939,-5.922954,0
random,940,-6.414295,0
random,941,-5.413685,0
random,942,-6.363494,0
random,943,-5.908239,0
random,944,-6.700625,0
random,945,-6.192923,0
random,946,-4.767259,0
random,947,-6.525343,0
random,948,-6.348946,0
random,949,-6.404748,0
random,950,-5.844279,0
random,951,-5.836237,0
random,952,-7.683437,0
random,953,-7.203011,0
random,954,-5.597583,0
random,955,-7.845320,0
random,956,-7.973190,0
random,957,-6.365438,0
random,958,-6.237450,0
random,959,-5.548663,0
random,960,-5.592233,0
random,961,-5.664938,0
random,962,-5.828411,0
random,963,-6.135636,0
random,964,-6.452930,0
random,965,-6.247268,0
random,966,-5.046134,0
random,967,-5.809253,0
random,968,-6.382683,0
random,969,-6.923791,0
random,970,-6.625737,0
random,971,-6.347719,0
random,972,-7.021856,0
random,973,-6.976252,0
random,974,-7.079844,0
random,975,-6.780844,0
random,976,-6.571981,0
random,977,-7.480549,0
random,978,-6.479846,0
random,979,-6.394591,0
random,980,-6.296451,0
random,981,-5.651485,0
random,982,-6.001704,0
random,983,-6.900771,0
random,984,-6.605671,0
random,985,-6.353510,0
random,986,-6.123825,0
random,987,-7.689602,0
random,988,-5.158293,0
random,989,-6.222926,0
random,990,-5.106049,0
random,991,-7.459260,0
random,992,-6.621313,0
random,993,-7.536936,0
random,994,-6.472346,0
random,995,-6.095609,0
random,996,-7.449068,0
random,997,-6.317755,0
random,998,-6.887760,0
random,999,-5.273894,0
random,1000,-6.898118,0
random,1001,-6.368927,0
random,1002,-6.996797,0
random,1003,-6.027551,0
random,1004,-5.909773,0
random,1005,-5.878126,0
random,1006,-6.441225,0
random,1007,-6.072508,0
random,1008,-6.127837,0
random,1009,-5.510546,0
random,1010,-6.836178,0
random,1011,-7.092233,0
random,1012,-6.724554,0
random,1013,-6.374622,0
random,1014,-6.769346,0
random,1015,-5.942037,0
random,1016,-6.259526,0
random,1017,-6.689367,0
random,1018,-6.711537,0
random,1019,-7.475757,0
random,1020,-5.407571,0
random,1021,-7.358396,0
random,1022,-6.567631,0
random,1023,-7.354423,0
random,1024,-7.139546,0
random,1025,-6.499542,0
random,1026,-6.715193,0
random,1027,-7.967181,0
random,1028,-4.328193,0
random,1029,-6.669394,0
random,1030,-6.080403,0
random,1031,-5.918925,0
random,1032,-6.787813,0
random,1033,-5.507143,0
random,1034,-6.206601,0
random,1035,-7.849023,0
random,1036,-6.781300,0
random,1037,-7.278147,0
random,1038,-6.480941,0
random,1039,-5.735296,0
random,1040,-5.929527,0
random,1041,-4.931739,0
random,1042,-6.864626,0
random,1043,-6.756153,0
random,1044,-7.479927,0
random,1045,-5.581971,0
random,1046,-6.312517,0
random,1047,-6.497731,0
random,1048,-6.751474,0
random,1049,-6.452689,0
random,1050,-6.467663,0
random,1051,-7.052422,0
random,1052,-6.384247,0
random,1053,-6.652319,0
random,1054,-6.839204,0
random,1055,-6.179490,0
random,1056,-6.206703,0
random,1057,-5.625994,0
random,1058,-6.858960,0
random,1059,-6.804988,0
random,1060,-6.271682,0
random,1061,-6.281916,0
random,1062,-6.868969,0
random,1063,-6.104587,0
random,1064,-6.765529,0
random,1065,-5.536365,0
random,1066,-6.851040,0
random,1067,-6.256829,0
random,1068,-7.081375,0
random,1069,-7.180092,0
random,1070,-6.199941,0
random,1071,-6.072456,0
random,1072,-4.903485,0
random,1073,-5.330507,0
random,1074,-5.187989,0
random,1075,-7.207223,0
random,1076,-6.445390,0
random,1077,-6.991735,0
random,1078,-7.223059,0
random,1079,-5.087840,0
random,1080,-6.211550,0
random,1081,-7.703476,0
random,1082,-6.081399,0
random,1083,-7.287915,0
random,1084,-5.792748,0
random,1085,-6.687819,0
random,1086,-5.950678,0
random,1087,-6.802014,0
random,1088,-7.166813,0
random,1089,-6.409696,0
random,1090,-4.796862,0
random,1091,-6.270543,0
random,1092,-5.307300,0
random,1093,-7.605320,0
random,1094,-6.187173,0
random,1095,-6.285253,0
random,1096,-6.771053,0
random,1097,-6.479171,0
random,1098,-6.265482,0
random,1099,-6.656362,0
random,1100,-5.935969,0
random,1101,-6.780998,0
random,1102,-4.717174,0
random,1103,-5.326737,0
random,1104,-6.836588,0
random,1105,-6.523022,0
random,1106,-3.972460,0
random,1107,-6.435425,0
random,1108,-7.080513,0
random,1109,-6.143065,0
random,1110,-6.901060,0
random,1111,-6.564157,0
random,1112,-6.886567,0
random,1113,-7.283694,0
random,1114,-5.554801,0
random,1115,-6.696121,0
random,1116,-6.629478,0
random,1117,-5.903244,0
random,1118,-5.396044,0
random,1119,-5.795392,0
random,1120,-6.130522,0
random,1121,-5.997457,0
random,1122,-6.637227,0
random,1123,-7.561599,0
random,1124,-5.953042,0
random,1125,-3.673620,0
random,1126,-5.760737,0
random,1127,-5.162729,0
random,1128,-6.149125,0
random,1129,-7.422914,0
random,1130,-6.984980,0
random,1131,-6.103358,0
random,1132,-5.349746,0
random,1133,-6.850670,0
random,1134,-6.494517,0
random,1135,-6.536891,0
random,1136,-3.591191,0
random,1137,-6.882264,0
random,1138,-6.777225,0
random,1139,-6.607150,0
random,1140,-7.356796,0
random,1141,-6.492094,0
random,1142,-5.293526,0
random,1143,-7.375715,0
random,1144,-6.900363,0
random,1145,-7.362567,0
random,1146,-6.396090,0
random,1147,-5.693321,0
random,1148,-6.121033,0
random,1149,-7.389760,0
random,1150,-6.537374,0
random,1151,-6.545550,0
random,1152,-6.312129,0
random,1153,-6.370473,0
random,1154,-7.591352,0
random,1155,-7.492171,0
random,1156,-5.603563,0
random,1157,-5.412063,0
random,1158,-5.994515,0
random,1159,-7.023085,0
random,1160,-6.538270,0
random,1161,-6.676086,0
random,1162,-4.308946,0
random,1163,-7.637508,0
random,1164,-5.947339,0
random,1165,-6.093524,0
random,1166,-7.565918,0
random,1167,-6.111833,0
random,1168,-4.252713,0
random,1169,-5.668159,0
random,1170,-7.240892,0
random,1171,-6.453175,0
random,1172,-6.799398,0
random,1173,-5.438004,0
random,1174,-7.255011,0
random,1175,-6.557107,0
random,1176,-5.451410,0
random,1177,-6.869377,0
random,1178,-6.389874,0
random,1179,-6.060954,0
random,1180,-6.662676,0
random,1181,-6.411936,0
random,1182,-7.352022,0
random,1183,-4.879100,0
random,1184,-5.487188,0
random,1185,-5.532346,0
random,1186,-5.946374,0
random,1187,-5.835569,0
random,1188,-6.077878,0
random,1189,-5.848666,0
random,1190,-5.519055,0
random,1191,-7.276342,0
random,1192,-6.444352,0
random,1193,-5.646345,0
random,1194,-6.304703,0
random,1195,-6.773131,0
random,1196,-6.136017,0
random,1197,-6.013254,0
random,1198,-8.067070,0
random,1199,-5.437804,0
random,1200,-5.880093,0
random,1201,-6.930923,0
random,1202,-6.763465,0
random,1203,-6.570795,0
random,1204,-6.785405,0
random,1205,-6.098833,0
random,1206,-5.845264,0
random,1207,-6.698413,0
random,1208,-7.098420,0
random,1209,-5.934667,0
random,1210,-7.649577,0
random,1211,-7.795902,0
random,1212,-6.412641,0
random,1213,-4.250788,0
random,1214,-6.268665,0
random,1215,-6.877655,0
random,1216,-6.390839,0
random,1217,-6.801437,0
random,1218,-4.138300,0
random,1219,-6.763866,0
random,1220,-5.629844,0
random,1221,-6.709121,0
random,1222,-6.208858,0
random,1223,-5.068071,0
random,1224,-6.771888,0
random,1225,-7.587607,0
random,1226,-8.117481,0
random,1227,-6.583885,0
random,1228,-6.151357,0
random,1229,-6.462291,0
random,1230,-6.715150,0
random,1231,-5.944643,0
random,1232,-5.447005,0
random,1233,-6.880602,0
random,1234,-6.725885,0
random,1235,-6.984363,0
random,1236,-6.592924,0
random,1237,-6.723579,0
random,1238,-7.730870,0
random,1239,-5.055918,0
random,1240,-6.406203,0
random,1241,-6.933714,0
random,1242,-5.777779,0
random,1243,-5.825271,0
random,1244,-7.515825,0
random,1245,-6.297813,0
random,1246,-7.142662,0
random,1247,-5.167428,0
random,1248,-6.677218,0
random,1249,-5.938764,0
random,1250,-6.485557,0
random,1251,-7.295468,0
random,1252,-7.926050,0
random,1253,-5.938560,0
random,1254,-6.378689,0
random,1255,-6.530904,0
random,1256,-6.436566,0
random,1257,-6.307093,0
random,1258,-5.210241,0
random,1259,-6.436327,0
random,1260,-6.511467,0
random,1261,-6.468833,0
random,1262,-7.203331,0
random,1263,-7.098201,0
random,1264,-6.545498,0
random,1265,-6.193863,0
random,1266,-7.775225,0
random,1267,-5.455162,0
random,1268,-6.684363,0
random,1269,-6.221859,0
random,1270,-7.203704,0
random,1271,-7.136109,0
random,1272,-6.660444,0
random,1273,-5.543664,0
random,1274,-5.586518,0
random,1275,-6.479955,0
random,1276,-6.634224,0
random,1277,-6.960282,0
random,1278,-7.349319,0
random,1279,-7.538063,0
random,1280,-6.741578,0
random,1281,-7.212361,0
random,1282,-6.603350,0
random,1283,-6.954400,0
random,1284,-6.845806,0
random,1285,-5.230486,0
random,1286,-7.810383,0
random,1287,-6.900282,0
random,1288,-6.254389,0
random,1289,-6.653700,0
random,1290,-7.585560,0
random,1291,-6.421367,0
random,1292,-6.583102,0
random,1293,-5.880825,0
random,1294,-5.621474,0
random,1295,-7.256838,0
random,1296,-6.011843,0
random,1297,-3.991714,0
random,1298,-6.028755,0
random,1299,-6.958264,0
random,1300,-3.484222,0
random,1301,-6.120142,0
random,1302,-5.020213,0
random,1303,-6.028328,0
random,1304,-7.311066,0
random,1305,-5.691162,0
random,1306,-6.612083,0
random,1307,-6.867400,0
random,1308,-6.701446,0
random,1309,-6.038356,0
random,1310,-5.331604,0
random,1311,-5.971981,0
random,1312,-5.238610,0
random,1313,-7.315487,0
random,1314,-6.019862,0
random,1315,-5.657035,0
random,1316,-6.150076,0
random,1317,-6.005179,0
random,1318,-6.209861,0
random,1319,-5.323168,0
random,1320,-6.902048,0
random,1321,-5.963270,0
random,1322,-4.977175,0
random,1323,-6.263495,0
random,1324,-6.703115,0
random,1325,-6.545344,0
random,1326,-7.908529,0
random,1327,-5.684182,0
random,1328,-6.663059,0
random,1329,-4.698785,0
random,1330,-5.597948,0
random,1331,-6.851598,0
random,1332,-6.511879,0
random,1333,-5.465506,0
random,1334,-7.123529,0
random,1335,-4.431474,0
random,1336,-6.443485,0
random,1337,-6.250551,0
random,1338,-6.387525,0
random,1339,-6.547554,0
random,1340,-7.152659,0
random,1341,-6.291607,0
random,1342,-6.625287,0
random,1343,-5.921637,0
random,1344,-6.220337,0
random,1345,-5.058207,0
random,1346,-6.380896,0
random,1347,-6.622458,0
random,1348,-7.437242,0
random,1349,-7.207391,0
random,1350,-7.246698,0
random,1351,-6.261157,0
random,1352,-5.683733,0
random,1353,-5.730025,0
random,1354,-5.904351,0
random,1355,-6.130545,0
random,1356,-6.629994,0
random,1357,-6.223946,0
random,1358,-6.417579,0
random,1359,-5.689844,0
random,1360,-6.965958,0
random,1361,-6.498498,0
random,1362,-5.814056,0
random,1363,-6.003326,0
random,1364,-6.307792,0
random,1365,-4.869145,0
random,1366,-7.239672,0
random,1367,-6.767775,0
random,1368,-6.349554,0
random,1369,-5.908977,0
random,1370,-7.243790,0
random,1371,-6.148171,0
random,1372,-5.671877,0
random,1373,-7.858466,0
random,1374,-7.433952,0
random,1375,-5.973797,0
random,1376,-6.938592,0
random,1377,-5.619610,0
random,1378,-4.197583,0
random,1379,-7.019270,0
random,1380,-6.116974,0
random,1381,-6.399417,0
random,1382,-6.134480,0
random,1383,-4.320172,0
random,1384,-6.786046,0
random,1385,-6.024492,0
random,1386,-5.744232,0
random,1387,-5.218039,0
random,1388,-6.204666,0
random,1389,-7.460253,0
random,1390,-6.589958,0
random,1391,-6.709394,0
random,1392,-7.406119,0
random,1393,-6.460878,0
random,1394,-8.032152,0
random,1395,-6.023300,0
random,1396,-5.264946,0
random,1397,-6.554575,0
random,1398,-7.773243,0
random,1399,-7.069316,0
random,1400,-5.473391,0
random,1401,-7.390355,0
random,1402,-5.951992,0
random,1403,-6.769662,0
random,1404,-6.797143,0
random,1405,-5.908688,0
random,1406,-7.617865,0
random,1407,-6.303200,0
random,1408,-5.508855,0
random,1409,-6.366422,0
random,1410,-6.221863,0
random,1411,-7.237745,0
random,1412,-6.744781,0
random,1413,-7.530550,0
random,1414,-5.272386,0
random,1415,-5.669020,0
random,1416,-6.349563,0
random,1417,-6.350888,0
random,1418,-6.425150,0
random,1419,-6.468471,0
random,1420,-5.265861,0
random,1421,-6.009564,0
random,1422,-5.824377,0
random,1423,-5.803613,0
random,1424,-7.560968,0
random,1425,-5.966180,0
random,1426,-6.609578,0
random,1427,-6.430596,0
random,1428,-6.237332,0
random,1429,-6.658994,0
random,1430,-5.399936,0
random,1431,-5.483656,0
random,1432,-6.113943,0
random,1433,-6.601324,0
random,1434,-6.900187,0
random,1435,-6.735463,0
random,1436,-5.404074,0
random,1437,-4.404537,0
random,1438,-6.646346,0
random,1439,-6.423101,0
random,1440,-6.239771,0
random,1441,-6.167080,0
random,1442,-6.304890,0
random,1443,-6.853687,0
random,1444,-6.916085,0
random,1445,-7.120263,0
random,1446,-6.239076,0
random,1447,-5.562698,0
random,1448,-6.239626,0
random,1449,-5.974805,0
random,1450,-5.632170,0
random,1451,-6.083111,0
random,1452,-5.195765,0
random,1453,-6.754541,0
random,1454,-7.459501,0
random,1455,-5.751851,0
random,1456,-7.170845,0
random,1457,-6.812535,0
random,1458,-6.368747,0
random,1459,-7.158283,0
random,1460,-5.660202,0
random,1461,-5.290864,0
random,1462,-5.022258,0
random,1463,-7.063856,0
random,1464,-5.929159,0
random,1465,-7.690592,0
random,1466,-6.860593,0
random,1467,-5.922958,0
random,1468,-6.522175,0
random,1469,-6.235252,0
random,1470,-6.808196,0
random,1471,-6.803008,0
random,1472,-7.596202,0
random,1473,-6.925606,0
random,1474,-6.839702,0
random,1475,-5.853802,0
random,1476,-5.854393,0
random,1477,-6.162445,0
random,1478,-6.604857,0
random,1479,-6.525944,0
random,1480,-6.025427,0
random,1481,-7.266378,0
random,1482,-7.091288,0
random,1483,-6.699452,0
random,1484,-6.418239,0
random,1485,-7.921688,0
random,1486,-6.467850,0
random,1487,-6.129943,0
random,1488,-6.983319,0
random,1489,-5.811906,0
random,1490,-6.193341,0
random,1491,-6.664269,0
random,1492,-5.918399,0
random,1493,-7.120523,0
random,1494,-5.973483,0
random,1495,-6.145655,0
random,1496,-6.474509,0
random,1497,-6.596488,0
random,1498,-5.614897,0
random,1499,-6.709924,0
random,1500,-6.720407,0
random,1501,-6.440791,0
random,1502,-7.277556,0
random,1503,-7.603508,0
random,1504,-6.118797,0
random,1505,-5.323579,0
random,1506,-5.163696,0
random,1507,-6.336753,0
random,1508,-6.154940,0
random,1509,-7.644063,0
random,1510,-6.374632,0
random,1511,-6.113758,0
random,1512,-7.162724,0
random,1513,-6.736703,0
random,1514,-6.261341,0
random,1515,-5.703027,0
random,1516,-7.439617,0
random,1517,-5.670820,0
random,1518,-6.662790,0
random,1519,-5.332695,0
random,1520,-6.175143,0
random,1521,-5.874461,0
random,1522,-6.757478,0
random,1523,-5.258409,0
random,1524,-7.012404,0
random,1525,-6.297738,0
random,1526,-7.827360,0
random,1527,-6.197698,0
random,1528,-5.783202,0
random,1529,-6.372230,0
random,1530,-6.580277,0
random,1531,-7.307084,0
random,1532,-6.806719,0
random,1533,-5.910329,0
random,1534,-6.575721,0
random,1535,-6.036879,0
random,1536,-5.264360,0
random,1537,-5.821072,0
random,1538,-6.109308,0
random,1539,-6.732226,0
random,1540,-6.916316,0
random,1541,-6.712279,0
random,1542,-7.105357,0
random,1543,-5.218616,0
random,1544,-5.329555,0
random,1545,-5.941961,0
random,1546,-3.762084,0
random,1547,-6.876102,0
random,1548,-6.485604,0
random,1549,-5.846837,0
random,1550,-5.912938,0
random,1551,-6.228598,0
random,1552,-6.830211,0
random,1553,-6.438501,0
random,1554,-5.544580,0
random,1555,-6.217301,0
random,1556,-7.093663,0
random,1557,-6.282781,0
random,1558,-7.290421,0
random,1559,-6.482214,0
random,1560,-6.465706,0
random,1561,-6.033082,0
random,1562,-5.899447,0
random,1563,-5.582138,0
random,1564,-6.432355,0
random,1565,-6.724796,0
random,1566,-5.985271,0
random,1567,-6.390615,0
random,1568,-6.624882,0
random,1569,-7.077075,0
random,1570,-6.511574,0
random,1571,-6.037521,0
random,1572,-6.507370,0
random,1573,-6.218551,0
random,1574,-7.390415,0
random,1575,-6.039604,0
random,1576,-6.334463,0
random,1577,-4.862734,0
random,1578,-5.612293,0
random,1579,-6.147006,0
random,1580,-7.169862,0
random,1581,-6.974991,0
random,1582,-5.369732,0
random,1583,-6.538077,0
random,1584,-5.083730,0
random,1585,-5.784269,0
random,1586,-6.091607,0
random,1587,-6.265921,0
random,1588,-5.448321,0
random,1589,-6.656276,0
random,1590,-5.473666,0
random,1591,-7.302383,0
random,1592,-6.270581,0
random,1593,-4.266693,0
random,1594,-6.259042,0
random,1595,-6.103821,0
random,1596,-6.293272,0
random,1597,-6.475802,0
random,1598,-6.099248,0
random,1599,-5.763691,0
random,1600,-6.258472,0
random,1601,-5.426466,0
random,1602,-6.642619,0
random,1603,-6.181147,0
random,1604,-7.684183,0
random,1605,-7.112141,0
random,1606,-6.770856,0
random,1607,-5.823354,0
random,1608,-7.789040,0
random,1609,-5.640592,0
random,1610,-6.598126,0
random,1611,-7.866349,0
random,1612,-5.816116,0
random,1613,-6.886001,0
random,1614,-6.656744,0
random,1615,-5.559061,0
random,1616,-5.834543,0
random,1617,-7.082057,0
random,1618,-5.868239,0
random,1619,-6.964599,0
random,1620,-5.925212,0
random,1621,-7.021880,0
random,1622,-6.404991,0
random,1623,-4.579210,0
random,1624,-6.115140,0
random,1625,-5.420170,0
random,1626,-6.436670,0
random,1627,-4.959476,0
random,1628,-6.032916,0
random,1629,-5.666773,0
random,1630,-6.122749,0
random,1631,-6.459894,0
random,1632,-6.164226,0
random,1633,-5.195908,0
random,1634,-6.756783,0
random,1635,-6.044266,0
random,1636,-4.722852,0
random,1637,-6.441652,0
random,1638,-6.990772,0
random,1639,-7.009676,0
random,1640,-5.994962,0
random,1641,-7.174651,0
random,1642,-6.956634,0
random,1643,-6.520089,0
random,1644,-6.191879,0
random,1645,-6.473135,0
random,1646,-5.456069,0
random,1647,-5.351724,0
random,1648,-5.054867,0
random,1649,-5.739086,0
random,1650,-6.135413,0
random,1651,-7.220542,0
random,1652,-6.984468,0
random,1653,-7.166895,0
random,1654,-6.479958,0
random,1655,-6.220805,0
random,1656,-7.312456,0
random,1657,-6.155488,0
random,1658,-5.763477,0
random,1659,-6.013383,0
random,1660,-6.327315,0
random,1661,-6.777260,0
random,1662,-6.451390,0
random,1663,-4.058407,0
random,1664,-6.808115,0
random,1665,-7.024766,0
random,1666,-6.054528,0
random,1667,-7.101579,0
random,1668,-6.244545,0
random,1669,-7.242295,0
random,1670,-7.442635,0
random,1671,-6.190373,0
random,1672,-6.303856,0
random,1673,-6.319895,0
random,1674,-6.343331,0
random,1675,-7.119040,0
random,1676,-6.761947,0
random,1677,-6.275489,0
random,1678,-6.186836,0
random,1679,-6.795026,0
random,1680,-6.296203,0
random,1681,-5.196764,0
random,1682,-6.723326,0
random,1683,-6.233611,0
random,1684,-6.187280,0
random,1685,-5.896529,0
random,1686,-6.569690,0
random,1687,-7.491847,0
random,1688,-6.401627,0
random,1689,-7.106780,0
random,1690,-6.603632,0
random,1691,-6.928149,0
random,1692,-6.836289,0
random,1693,-5.292765,0
random,1694,-6.774157,0
random,1695,-6.300090,0
random,1696,-6.159976,0
random,1697,-7.208274,0
random,1698,-6.541758,0
random,1699,-6.568183,0
random,1700,-5.420473,0
random,1701,-6.416952,0
random,1702,-6.724538,0
random,1703,-6.249440,0
random,1704,-7.277339,0
random,1705,-5.378311,0
random,1706,-7.042227,0
random,1707,-6.442899,0
random,1708,-6.116729,0
random,1709,-7.630696,0
random,1710,-6.680886,0
random,1711,-6.770294,0
random,1712,-6.231585,0
random,1713,-7.086576,0
random,1714,-4.984908,0
random,1715,-6.501845,0
random,1716,-5.656829,0
random,1717,-7.147500,0
random,1718,-6.364988,0
random,1719,-7.529098,0
random,1720,-7.338749,0
random,1721,-6.105932,0
random,1722,-6.074280,0
random,1723,-6.735764,0
random,1724,-6.203714,0
random,1725,-4.988879,0
random,1726,-5.745050,0
random,1727,-6.584435,0
random,1728,-6.452596,0
random,1729,-5.865573,0
random,1730,-7.801590,0
random,1731,-7.170095,0
random,1732,-5.943936,0
random,1733,-5.211968,0
random,1734,-6.502133,0
random,1735,-6.059669,0
random,1736,-6.553010,0
random,1737,-7.100021,0
random,1738,-5.375323,0
random,1739,-5.027589,0
random,1740,-6.873090,0
random,1741,-6.727335,0
random,1742,-6.249459,0
random,1743,-5.917866,0
random,1744,-6.550482,0
random,1745,-7.163992,0
random,1746,-6.798875,0
random,1747,-6.234678,0
random,1748,-6.348226,0
random,1749,-6.016459,0
random,1750,-6.893272,0
random,1751,-7.485175,0
random,1752,-6.558261,0
random,1753,-6.595638,0
random,1754,-6.412636,0
random,1755,-6.255632,0
random,1756,-6.389366,0
random,1757,-6.810239,0
random,1758,-5.800653,0
random,1759,-6.176996,0
random,1760,-6.086915,0
random,1761,-7.492990,0
random,1762,-6.493086,0
random,1763,-5.479928,0
random,1764,-6.762899,0
random,1765,-4.037990,0
random,1766,-6.701444,0
random,1767,-6.396017,0
random,1768,-7.200754,0
random,1769,-6.389663,0
random,1770,-6.166557,0
random,1771,-6.101670,0
random,1772,-6.454780,0
random,1773,-6.197080,0
random,1774,-6.513958,0
random,1775,-6.326029,0
random,1776,-6.856315,0
random,1777,-6.104245,0
random,1778,-6.221222,0
random,1779,-6.725486,0
random,1780,-7.515637,0
random,1781,-6.163202,0
random,1782,-6.940021,0
random,1783,-6.630669,0
random,1784,-5.170942,0
random,1785,-6.698838,0
random,1786,-5.667406,0
random,1787,-7.014989,0
random,1788,-6.744131,0
random,1789,-5.961530,0
random,1790,-5.786146,0
random,1791,-7.625513,0
random,1792,-5.997168,0
random,1793,-6.494598,0
random,1794,-6.998452,0
random,1795,-6.587490,0
random,1796,-6.382172,0
random,1797,-6.288437,0
random,1798,-5.775363,0
random,1799,-7.160714,0
random,1800,-6.320312,0
random,1801,-6.378774,0
random,1802,-5.409802,0
random,1803,-5.660624,0
random,1804,-6.216794,0
random,1805,-6.648929,0
random,1806,-6.215833,0
random,1807,-6.804437,0
random,1808,-6.766705,0
random,1809,-5.979090,0
random,1810,-6.613846,0
random,1811,-5.399664,0
random,1812,-6.933156,0
random,1813,-6.503227,0
random,1814,-5.582088,0
random,1815,-6.202222,0
random,1816,-7.004719,0
random,1817,-7.124879,0
random,1818,-5.255370,0
random,1819,-6.451799,0
random,1820,-7.064758,0
random,1821,-4.823779,0
random,1822,-5.304080,0
random,1823,-6.263311,0
random,1824,-6.113454,0
random,1825,-5.670253,0
random,1826,-6.649309,0
random,1827,-6.049829,0
random,1828,-6.778638,0
random,1829,-5.784460,0
random,1830,-5.664943,0
random,1831,-5.638736,0
random,1832,-6.796938,0
random,1833,-6.570396,0
random,1834,-5.795850,0
random,1835,-7.495769,0
random,1836,-7.281734,0
random,1837,-5.340506,0
random,1838,-7.438740,0
random,1839,-4.813131,0
random,1840,-6.480057,0
random,1841,-5.788868,0
random,1842,-6.557537,0
random,1843,-5.529411,0
random,1844,-5.844029,0
random,1845,-7.182302,0
random,1846,-6.201438,0
random,1847,-6.443529,0
random,1848,-5.514414,0
random,1849,-6.488531,0
random,1850,-4.784418,0
random,1851,-6.344176,0
random,1852,-5.618877,0
random,1853,-7.274568,0
random,1854,-6.755259,0
random,1855,-6.158906,0
random,1856,-6.439080,0
random,1857,-6.829633,0
random,1858,-5.956448,0
random,1859,-7.173077,0
random,1860,-6.543146,0
random,1861,-4.226381,0
random,1862,-7.082240,0
random,1863,-6.401896,0
random,1864,-6.059241,0
random,1865,-6.443983,0
random,1866,-7.283670,0
random,1867,-4.848915,0
random,1868,-6.174484,0
random,1869,-5.298299,0
random,1870,-6.357863,0
random,1871,-6.138622,0
random,1872,-5.814011,0
random,1873,-7.094508,0
random,1874,-6.113697,0
random,1875,-6.557737,0
random,1876,-6.232262,0
random,1877,-7.186960,0
random,1878,-5.702797,0
random,1879,-7.065475,0
random,1880,-6.011438,0
random,1881,-7.249045,0
random,1882,-5.202319,0
random,1883,-6.545332,0
random,1884,-8.128016,0
random,1885,-5.429674,0
random,1886,-6.583414,0
random,1887,-6.811189,0
random,1888,-6.302074,0
random,1889,-7.155266,0
random,1890,-5.309240,0
random,1891,-6.291082,0
random,1892,-7.034490,0
random,1893,-6.548014,0
random,1894,-5.640071,0
random,1895,-6.798079,0
random,1896,-7.632585,0
random,1897,-6.177233,0
random,1898,-7.254051,0
random,1899,-6.017057,0
random,1900,-5.087642,0
random,1901,-6.623532,0
random,1902,-6.768247,0
random,1903,-6.561573,0
random,1904,-5.962054,0
random,1905,-6.159060,0
random,1906,-6.891339,0
random,1907,-7.042890,0
random,1908,-3.906194,0
random,1909,-5.999202,0
random,1910,-6.904863,0
random,1911,-6.741192,0
random,1912,-6.471151,0
random,1913,-6.072505,0
random,1914,-5.374747,0
random,1915,-5.545225,0
random,1916,-5.558790,0
random,1917,-6.782634,0
random,1918,-6.081242,0
random,1919,-5.373974,0
random,1920,-6.010424,0
random,1921,-6.443490,0
random,1922,-6.559227,0
random,1923,-6.808449,0
random,1924,-5.790284,0
random,1925,-7.207896,0
random,1926,-6.221998,0
random,1927,-7.308438,0
random,1928,-8.253249,0
random,1929,-6.019040,0
random,1930,-5.683810,0
random,1931,-6.599843,0
random,1932,-6.089943,0
random,1933,-4.936031,0
random,1934,-5.776769,0
random,1935,-6.557750,0
random,1936,-5.688379,0
random,1937,-5.990812,0
random,1938,-7.016743,0
random,1939,-5.688191,0
random,1940,-6.414518,0
random,1941,-6.973535,0
random,1942,-7.006300,0
random,1943,-6.008141,0
random,1944,-5.589567,0
random,1945,-6.456282,0
random,1946,-6.894182,0
random,1947,-6.612969,0
random,1948,-5.499179,0
random,1949,-4.446746,0
random,1950,-6.418626,0
random,1951,-6.665412,0
random,1952,-6.255357,0
random,1953,-5.965201,0
random,1954,-6.402618,0
random,1955,-7.456509,0
random,1956,-6.199395,0
random,1957,-5.717960,0
random,1958,-6.536690,0
random,1959,-7.475922,0
random,1960,-5.835360,0
random,1961,-6.548774,0
random,1962,-6.524591,0
random,1963,-5.337105,0
random,1964,-6.724012,0
random,1965,-6.576113,0
random,1966,-5.446320,0
random,1967,-7.206587,0
random,1968,-4.335923,0
random,1969,-5.992333,0
random,1970,-6.163722,0
random,1971,-5.992793,0
random,1972,-5.838761,0
random,1973,-5.010298,0
random,1974,-8.370642,0
random,1975,-5.638605,0
random,1976,-6.950494,0
random,1977,-5.402176,0
random,1978,-6.809267,0
random,1979,-5.104204,0
random,1980,-6.364443,0
random,1981,-5.680098,0
random,1982,-5.616682,0
random,1983,-4.892306,0
random,1984,-7.157785,0
random,1985,-7.343474,0
random,1986,-6.897035,0
random,1987,-5.934181,0
random,1988,-6.516282,0
random,1989,-6.789194,0
random,1990,-6.573758,0
random,1991,-4.112579,0
random,1992,-7.717692,0
random,1993,-7.623395,0
random,1994,-6.465905,0
random,1995,-6.439687,0
random,1996,-6.936281,0
random,1997,-6.196128,0
random,1998,-6.087752,0
random,1999,-6.437091,0
